Rank,Name,year,Movie_type,Time,Rating,Metascore
1.,The Shawshank Redemption,(1994),A,142 min,9.3,82        
2.,The Dark Knight,(2008),UA,152 min,9,84        
3.,Inception,(2010),UA,148 min,8.8,74        
4.,Fight Club,(1999),A,139 min,8.8,67        
5.,Pulp Fiction,(1994),A,154 min,8.9,95        
6.,Forrest Gump,(1994),UA,142 min,8.8,82        
7.,The Lord of the Rings: The Fellowship of the Ring,(2001),U,178 min,8.9,92        
8.,The Matrix,(1999),A,136 min,8.7,73        
9.,The Lord of the Rings: The Return of the King,(2003),U,201 min,9,94        
10.,The Godfather,(1972),A,175 min,9.2,100        
11.,The Dark Knight Rises,(2012),UA,164 min,8.4,78        
12.,The Lord of the Rings: The Two Towers,(2002),UA,179 min,8.8,87        
13.,Se7en,(1995),A,127 min,8.6,65        
14.,The Avengers,(2012),UA,143 min,8,69        
15.,Gladiator,(2000),UA,155 min,8.5,67        
16.,Batman Begins,(2005),UA,140 min,8.2,70        
17.,Django Unchained,(2012),A,165 min,8.5,81        
18.,Interstellar,(2014),UA,169 min,8.7,74        
19.,Star Wars,(1977),U,121 min,8.6,90        
20.,The Silence of the Lambs,(1991),A,118 min,8.6,86        
21.,Avatar,(2009),UA,162 min,7.9,83        
22.,Inglourious Basterds,(2009),A,153 min,8.4,69        
23.,Saving Private Ryan,(1998),A,169 min,8.6,91        
24.,The Departed,(2006),A,151 min,8.5,85        
25.,Schindler's List,(1993),A,195 min,9,95        
26.,Memento,(2000),UA,113 min,8.4,83        
27.,The Prestige,(2006),U,130 min,8.5,66        
28.,Star Wars: Episode V - The Empire Strikes Back,(1980),UA,124 min,8.7,82        
29.,American Beauty,(1999),UA,122 min,8.3,84        
30.,Pirates of the Caribbean: The Curse of the Black Pearl,(2003),UA,143 min,8.1,63        
31.,Titanic,(1997),UA,194 min,7.9,75        
32.,V for Vendetta,(2005),UA,132 min,8.2,62        
33.,The Godfather Part II,(1974),A,202 min,9,90        
34.,Shutter Island,(2010),A,138 min,8.2,63        
35.,American History X,(1998),R,119 min,8.5,62        
36.,The Green Mile,(1999),UA,189 min,8.6,61        
37.,The Wolf of Wall Street,(2013),A,180 min,8.2,75        
38.,Terminator 2: Judgment Day,(1991),A,137 min,8.6,75        
39.,The Usual Suspects,(1995),A,106 min,8.5,76        
40.,Braveheart,(1995),A,178 min,8.3,68        
41.,Kill Bill: Vol. 1,(2003),A,111 min,8.2,69        
42.,Back to the Future,(1985),U,116 min,8.5,87        
43.,Goodfellas,(1990),A,145 min,8.7,92        
44.,Léon,(1994),A,110 min,8.5,64        
45.,WALL·E,(2008),U,98 min,8.4,95        
46.,The Sixth Sense,(1999),A,107 min,8.2,64        
47.,The Hunger Games,(2012),UA,142 min,7.2,68        
48.,Iron Man,(2008),UA,126 min,7.9,79        
49.,Finding Nemo,(2003),U,100 min,8.2,90        
50.,Star Wars: Episode VI - Return of the Jedi,(1983),U,131 min,8.3,58        
51.,One Flew Over the Cuckoo's Nest,(1975),A,133 min,8.7,84        
52.,Guardians of the Galaxy,(2014),UA,121 min,8,76        
53.,The Truman Show,(1998),U,103 min,8.2,90        
54.,Eternal Sunshine of the Spotless Mind,(2004),UA,108 min,8.3,89        
55.,Up,(2009),U,96 min,8.3,88        
56.,Reservoir Dogs,(1992),15+,99 min,8.3,81        
57.,Raiders of the Lost Ark,(1981),A,115 min,8.4,86        
58.,Sin City,(2005),A,124 min,8,74        
59.,The Lion King,(1994),U,88 min,8.5,88        
60.,Slumdog Millionaire,(2008),UA,120 min,8,84        
61.,The Hobbit: An Unexpected Journey,(2012),UA,169 min,7.8,58        
62.,Toy Story,(1995),U,81 min,8.3,96        
63.,Jurassic Park,(1993),UA,127 min,8.2,68        
64.,No Country for Old Men,(2007),18,122 min,8.2,92        
65.,A Beautiful Mind,(2001),UA,135 min,8.2,72        
66.,The Shining,(1980),A,146 min,8.4,68        
67.,300,(2006),A,117 min,7.6,52        
68.,Good Will Hunting,(1997),U,126 min,8.3,71        
69.,Snatch,(2000),UA,104 min,8.2,55        
70.,The Terminator,(1984),A,107 min,8.1,84        
71.,Die Hard,(1988),A,132 min,8.2,72        
72.,"Monsters, Inc.",(2001),U,92 min,8.1,79        
73.,The Hangover,(2009),UA,100 min,7.7,73        
74.,Gravity,(2013),UA,91 min,7.7,96        
75.,Donnie Darko,(2001),UA,113 min,8,88        
76.,Requiem for a Dream,(2000),A,102 min,8.3,71        
77.,Gone Girl,(2014),A,149 min,8.1,79        
78.,Alien,(1979),R,117 min,8.5,89        
79.,Star Wars: Episode VII - The Force Awakens,(2015),U,138 min,7.8,80        
80.,Gran Torino,(2008),UA,116 min,8.1,72        
81.,A Clockwork Orange,(1971),A,136 min,8.3,77        
82.,Iron Man Three,(2013),UA,130 min,7.1,62        
83.,Black Swan,(2010),A,108 min,8,79        
84.,Mad Max: Fury Road,(2015),UA,120 min,8.1,90        
85.,Man of Steel,(2013),UA,143 min,7.1,55        
86.,Spider-Man,(2002),U,121 min,7.4,73        
87.,Toy Story 3,(2010),U,103 min,8.3,92        
88.,Harry Potter and the Deathly Hallows - Part 2,(2011),UA,130 min,8.1,85        
89.,Scarface,(1983),A,170 min,8.3,65        
90.,The Big Lebowski,(1998),UA,117 min,8.1,71        
91.,Thor,(2011),UA,115 min,7,57        
92.,Star Wars: Episode I - The Phantom Menace,(1999),UA,136 min,6.5,51        
93.,Le fabuleux destin d'Amélie Poulain,(2001),U,122 min,8.3,70        
94.,Silver Linings Playbook,(2012),A,122 min,7.7,81        
95.,Cidade de Deus,(2002),A,130 min,8.6,79        
96.,District 9,(2009),A,112 min,7.9,81        
97.,I Am Legend,(2007),A,101 min,7.2,65        
98.,Catch Me If You Can,(2002),A,141 min,8.1,75        
99.,Skyfall,(2012),UA,143 min,7.8,81        
100.,Pirates of the Caribbean: Dead Man's Chest,(2006),12+,151 min,7.4,53        
101.,Iron Man 2,(2010),UA,124 min,6.9,57        
102.,Star Wars: Episode III - Revenge of the Sith,(2005),U,140 min,7.6,68        
103.,X: First Class,(2011),UA,131 min,7.7,65        
104.,Indiana Jones and the Last Crusade,(1989),U,127 min,8.2,65        
105.,Transformers,(2007),UA,144 min,7,61        
106.,X-Men: Days of Future Past,(2014),UA,132 min,7.9,75        
107.,Kill Bill: Vol. 2,(2004),A,137 min,8,83        
108.,Captain America: The First Avenger,(2011),13,124 min,6.9,66        
109.,Taxi Driver,(1976),A,114 min,8.2,94        
110.,Star Trek,(2009),UA,127 min,7.9,82        
111.,The King's Speech,(2010),U,118 min,8,88        
112.,"Il buono, il brutto, il cattivo",(1966),A,161 min,8.8,90        
113.,The Intouchables,(2011),UA,112 min,8.5,57        
114.,The Hunger Games: Catching Fire,(2013),UA,146 min,7.5,76        
115.,The Pianist,(2002),13,150 min,8.5,85        
116.,Captain America: The Winter Soldier,(2014),UA,136 min,7.7,70        
117.,The Bourne Ultimatum,(2007),UA,115 min,8,85        
118.,Aliens,(1986),U,137 min,8.4,84        
119.,How to Train Your Dragon,(2010),U,98 min,8.1,75        
120.,Full Metal Jacket,(1987),UA,116 min,8.3,78        
121.,Taken,(I) (2008),A,90 min,7.8,51        
122.,The Hobbit: The Desolation of Smaug,(2013),UA,161 min,7.8,66        
123.,Million Dollar Baby,(2004),UA,132 min,8.1,86        
124.,The Social Network,(2010),UA,120 min,7.8,95        
125.,The Incredibles,(2004),U,115 min,8,90        
126.,Sherlock Holmes,(2009),16,128 min,7.6,57        
127.,The Grand Budapest Hotel,(2014),UA,99 min,8.1,88        
128.,Ratatouille,(2007),U,111 min,8.1,96        
129.,Ted,(2012),A,106 min,6.9,62        
130.,Pirates of the Caribbean: At World's End,(2007),UA,169 min,7.1,50        
131.,Casino Royale,(2006),UA,144 min,8,80        
132.,Deadpool,(2016),R,108 min,8,65        
133.,Trainspotting,(1996),A,93 min,8.1,83        
134.,The Martian,(2015),UA,144 min,8,80        
135.,Pan's Labyrinth,(2006),R,118 min,8.2,98        
136.,Shrek,(2001),U,90 min,7.9,84        
137.,The Imitation Game,(2014),UA,114 min,8,71        
138.,World War Z,(2013),UA,116 min,7,63        
139.,Star Wars: Episode II - Attack of the Clones,(2002),UA,142 min,6.6,54        
140.,Twelve Monkeys,(1995),A,129 min,8,75        
141.,Blade Runner,(1982),UA,117 min,8.1,84        
142.,Avengers: Age of Ultron,(2015),UA,141 min,7.3,66        
143.,The Curious Case of Benjamin Button,(2008),UA,166 min,7.8,70        
144.,Prometheus,(I) (2012),A,124 min,7,64        
145.,Fargo,(1996),A,98 min,8.1,87        
146.,X-Men,(2000),UA,104 min,7.3,64        
147.,Argo,(2012),A,120 min,7.7,86        
148.,The Amazing Spider-Man,(2012),UA,136 min,6.9,66        
149.,Apocalypse Now,(1979),R,147 min,8.4,94        
150.,12 Angry Men,(1957),U,96 min,9,97        
151.,Now You See Me,(I) (2013),UA,115 min,7.2,50        
152.,Harry Potter and the Sorcerer's Stone,(2001),U,152 min,7.6,65        
153.,Life of Pi,(2012),U,127 min,7.9,79        
154.,12 Years a Slave,(2013),A,134 min,8.1,96        
155.,Groundhog Day,(1993),U,101 min,8,72        
156.,Kick-Ass,(2010),UA,117 min,7.6,66        
157.,Drive,(I) (2011),A,100 min,7.8,79        
158.,Heat,(1995),A,170 min,8.3,76        
159.,Live Die Repeat: Edge of Tomorrow,(2014),UA,113 min,7.9,71        
160.,Independence Day,(1996),UA,145 min,7,59        
161.,Looper,(2012),A,119 min,7.4,84        
162.,2001: A Space Odyssey,(1968),U,149 min,8.3,84        
163.,Into the Wild,(2007),U,148 min,8.1,73        
164.,Superbad,(2007),A,113 min,7.6,76        
165.,Psycho,(1960),A,109 min,8.5,97        
166.,The Matrix Reloaded,(2003),UA,138 min,7.2,62        
167.,Frozen,(I) (2013),U,102 min,7.4,75        
168.,La vita è bella,(1997),U,116 min,8.6,58        
169.,Limitless,(I) (2011),A,105 min,7.4,59        
170.,Jurassic World,(2015),UA,124 min,6.9,59        
171.,Sen to Chihiro no kamikakushi,(2001),U,125 min,8.6,96        
172.,"Lock, Stock and Two Smoking Barrels",(1998),A,107 min,8.1,65        
173.,Juno,(2007),16,96 min,7.5,81        
174.,L.A. Confidential,(1997),A,138 min,8.2,91        
175.,Thor: The Dark World,(2013),UA,112 min,6.8,54        
176.,Jaws,(1975),A,124 min,8.1,87        
177.,Spider-Man 2,(2004),U,127 min,7.5,83        
178.,21 Jump Street,(2012),UA,109 min,7.2,69        
179.,X2,(2003),UA,134 min,7.4,68        
180.,The Bourne Identity,(2002),UA,119 min,7.8,68        
181.,Rise of the Planet of the Apes,(2011),UA,105 min,7.6,68        
182.,Men in Black,(1997),UA,98 min,7.3,72        
183.,Ocean's Eleven,(2001),UA,116 min,7.7,74        
184.,The Revenant,(I) (2015),A,156 min,8,76        
185.,Blood Diamond,(2006),A,143 min,8,64        
186.,Minority Report,(2002),A,145 min,7.6,80        
187.,Whiplash,(2014),A,106 min,8.5,89        
188.,Kingsman: The Secret Service,(2014),A,129 min,7.7,60        
189.,The Notebook,(2004),A,123 min,7.8,53        
190.,Shaun of the Dead,(2004),UA,99 min,7.9,76        
191.,Cast Away,(2000),UA,143 min,7.8,73        
192.,Star Trek Into Darkness,(2013),UA,132 min,7.7,72        
193.,Birdman or (The Unexpected Virtue of Ignorance),(2014),A,119 min,7.7,87        
194.,Watchmen,(2009),A,162 min,7.6,56        
195.,Casablanca,(1942),U,102 min,8.5,100        
196.,"I, Robot",(2004),UA,115 min,7.1,59        
197.,Oblivion,(I) (2013),UA,124 min,7,54        
198.,Harry Potter and the Chamber of Secrets,(2002),U,161 min,7.4,63        
199.,Zombieland,(2009),A,88 min,7.5,73        
200.,Despicable Me,(2010),U,95 min,7.6,72        
201.,Toy Story 2,(1999),U,92 min,7.9,88        
202.,Harry Potter and the Goblet of Fire,(2005),UA,157 min,7.7,81        
203.,Rain Man,(1988),U,133 min,8,65        
204.,X-Men: The Last Stand,(2006),A,104 min,6.6,58        
205.,Prisoners,(2013),A,153 min,8.1,70        
206.,Spider-Man 3,(2007),UA,139 min,6.3,59        
207.,Monty Python and the Holy Grail,(1975),U,91 min,8.2,91        
208.,Harry Potter and the Prisoner of Azkaban,(2004),U,142 min,7.9,82        
209.,Troy,(2004),UA,163 min,7.3,56        
210.,Pacific Rim,(2013),UA,131 min,6.9,65        
211.,Source Code,(2011),UA,93 min,7.5,74        
212.,(500) Days of Summer,(2009),UA,95 min,7.7,76        
213.,The Hangover Part II,(2011),A,102 min,6.5,44        
214.,"Crazy, Stupid, Love.",(2011),A,118 min,7.4,68        
215.,Rocky,(1976),U,120 min,8.1,70        
216.,There Will Be Blood,(2007),A,158 min,8.2,93        
217.,Pirates of the Caribbean: On Stranger Tides,(2011),UA,137 min,6.6,45        
218.,Mission: Impossible - Ghost Protocol,(2011),UA,132 min,7.4,73        
219.,The Matrix Revolutions,(2003),UA,129 min,6.7,47        
220.,The Great Gatsby,(2013),A,143 min,7.2,55        
221.,Children of Men,(2006),A,109 min,7.9,84        
222.,X-Men Origins: Wolverine,(2009),UA,107 min,6.5,40        
223.,Crash,(I) (2004),UA,112 min,7.7,66        
224.,American Hustle,(2013),A,138 min,7.2,90        
225.,Edward Scissorhands,(1990),U,105 min,7.9,74        
226.,The Butterfly Effect,(2004),UA,113 min,7.6,30        
227.,American Psycho,(2000),A,102 min,7.6,64        
228.,Batman v Superman: Dawn of Justice,(2016),UA,151 min,6.5,44        
229.,Little Miss Sunshine,(2006),UA,101 min,7.8,80        
230.,Oldeuboi,(2003),A,101 min,8.3,78        
231.,Harry Potter and the Order of the Phoenix,(2007),UA,138 min,7.5,71        
232.,Her,(2013),A,126 min,8,91        
233.,The Hobbit: The Battle of the Five Armies,(2014),UA,144 min,7.4,59        
234.,Horrible Bosses,(2011),A,98 min,6.9,57        
235.,Hot Fuzz,(2007),A,121 min,7.8,81        
236.,Big Fish,(2003),U,125 min,8,58        
237.,The Perks of Being a Wallflower,(2012),UA,103 min,7.9,67        
238.,Mr. & Mrs. Smith,(2005),16,120 min,6.5,55        
239.,Twilight,(I) (2008),UA,122 min,5.3,56        
240.,The Bourne Supremacy,(2004),A,108 min,7.7,73        
241.,Hancock,(2008),UA,92 min,6.4,49        
242.,Le cinquième élément,(1997),U,126 min,7.6,52        
243.,Dr. Strangelove or: How I Learned to Stop Worrying and Love the Bomb,(1964),A,95 min,8.4,97        
244.,Inside Out,(I) (2015),U,95 min,8.1,94        
245.,Divergent,(2014),UA,139 min,6.6,48        
246.,Back to the Future Part II,(1989),U,108 min,7.8,57        
247.,Mystic River,(2003),A,138 min,7.9,84        
248.,Sherlock Holmes: A Game of Shadows,(2011),UA,129 min,7.4,48        
249.,The Pursuit of Happyness,(2006),U,117 min,8,64        
250.,Elysium,(I) (2013),A,109 min,6.6,61        
251.,Live Free or Die Hard,(2007),UA,128 min,7.1,69        
252.,War of the Worlds,(2005),UA,116 min,6.5,73        
253.,Indiana Jones and the Kingdom of the Crystal Skull,(2008),U,122 min,6.2,65        
254.,Casino,(1995),A,178 min,8.2,73        
255.,The Day After Tomorrow,(2004),U,124 min,6.5,47        
256.,The Hurt Locker,(2008),A,131 min,7.5,95        
257.,Warrior,(2011),UA,140 min,8.1,71        
258.,Quantum of Solace,(2008),UA,106 min,6.6,58        
259.,The Girl with the Dragon Tattoo,(2011),(Banned),158 min,7.8,71        
260.,Indiana Jones and the Temple of Doom,(1984),(Banned),118 min,7.5,57        
261.,Ice Age,(2002),U,81 min,7.5,61        
262.,Harry Potter and the Deathly Hallows - Part 1,(2010),UA,146 min,7.7,65        
263.,The Wolverine,(2013),UA,126 min,6.7,61        
264.,Lucy,(I) (2014),A,89 min,6.4,62        
265.,Transformers: Dark of the Moon,(2011),UA,154 min,6.2,42        
266.,The Incredible Hulk,(2008),UA,112 min,6.6,61        
267.,Dallas Buyers Club,(2013),R,117 min,7.9,77        
268.,American Gangster,(2007),A,157 min,7.8,76        
269.,American Sniper,(2014),A,133 min,7.3,73        
270.,Captain Phillips,(2013),UA,134 min,7.8,82        
271.,Transformers: Revenge of the Fallen,(2009),UA,149 min,6,35        
272.,Armageddon,(1998),UA,151 min,6.7,42        
273.,Lost in Translation,(2003),UA,102 min,7.7,91        
274.,Harry Potter and the Half-Blood Prince,(2009),UA,153 min,7.6,78        
275.,The Amazing Spider-Man 2,(2014),UA,142 min,6.6,53        
276.,Charlie and the Chocolate Factory,(2005),U,115 min,6.7,72        
277.,Love Actually,(2003),A,135 min,7.6,55        
278.,The Help,(2011),UA,146 min,8.1,62        
279.,The Mummy,(1999),A,124 min,7.1,48        
280.,Dawn of the Planet of the Apes,(2014),UA,130 min,7.6,79        
281.,The Last Samurai,(2003),UA,154 min,7.8,55        
282.,We're the Millers,(2013),A,110 min,7,44        
283.,King Kong,(2005),UA,187 min,7.2,81        
284.,Rear Window,(1954),U,112 min,8.5,100        
285.,American Pie,(1999),18,95 min,7,58        
286.,Shrek 2,(2004),U,93 min,7.3,75        
287.,The Da Vinci Code,(2006),(Banned),149 min,6.6,46        
288.,Gangs of New York,(2002),A,167 min,7.5,72        
289.,The 40 Year Old Virgin,(2005),UA,116 min,7.1,73        
290.,Rush,(I) (2013),R,123 min,8.1,74        
291.,Ant-Man,(2015),UA,117 min,7.2,64        
292.,Home Alone,(1990),U,103 min,7.7,63        
293.,This Is the End,(2013),A,107 min,6.6,67        
294.,The Maze Runner,(2014),UA,113 min,6.8,57        
295.,Beauty and the Beast,(1991),U,84 min,8,95        
296.,Tropic Thunder,(2008),R,107 min,7.1,71        
297.,In Bruges,(2008),R,107 min,7.9,67        
298.,Kung Fu Panda,(2008),U,92 min,7.6,74        
299.,Alice in Wonderland,(I) (2010),U,108 min,6.4,53        
300.,Training Day,(2001),A,122 min,7.7,71        
301.,Terminator 3: Rise of the Machines,(2003),UA,109 min,6.3,66        
302.,The Hunger Games: Mockingjay - Part 1,(2014),UA,123 min,6.6,64        
303.,In Time,(2011),UA,109 min,6.7,53        
304.,The Terminal,(2004),U,128 min,7.4,55        
305.,Fury,(2014),A,134 min,7.6,64        
306.,Godzilla,(2014),UA,123 min,6.4,62        
307.,Furious 6,(2013),UA,130 min,7,61        
308.,Midnight in Paris,(2011),PG-13,94 min,7.6,81        
309.,Zodiac,(2007),UA,157 min,7.7,79        
310.,Mission: Impossible,(1996),U,110 min,7.2,59        
311.,Wanted,(2008),A,110 min,6.7,64        
312.,Die Hard with a Vengeance,(1995),A,128 min,7.6,58        
313.,The Conjuring,(2013),A,112 min,7.5,68        
314.,Saw,(2004),A,103 min,7.6,46        
315.,Knocked Up,(2007),18,129 min,6.9,85        
316.,Citizen Kane,(1941),UA,119 min,8.3,100        
317.,28 Days Later...,(2002),A,113 min,7.5,73        
318.,Borat: Cultural Learnings of America for Make Benefit Glorious Nation of Kazakhstan,(2006),A,84 min,7.4,89        
319.,Bruce Almighty,(2003),UA,101 min,6.8,46        
320.,Cloverfield,(2008),A,85 min,7,64        
321.,The Illusionist,(2006),U,110 min,7.5,68        
322.,Tangled,(2010),U,100 min,7.7,71        
323.,The Princess Bride,(1987),U,98 min,8,78        
324.,Collateral,(2004),A,120 min,7.5,71        
325.,Nightcrawler,(2014),A,117 min,7.8,76        
326.,Black Hawk Down,(2001),A,144 min,7.7,74        
327.,The Wizard of Oz,(1939),U,102 min,8.1,92        
328.,Platoon,(1986),UA,120 min,8.1,92        
329.,Predator,(1987),A,107 min,7.8,47        
330.,Dumb and Dumber,(1994),UA,107 min,7.3,41        
331.,Ex Machina,(2014),UA,108 min,7.7,78        
332.,Super 8,(2011),UA,112 min,7,72        
333.,Despicable Me 2,(2013),U,98 min,7.3,62        
334.,"The Chronicles of Narnia: The Lion, the Witch and the Wardrobe",(2005),U,143 min,6.9,75        
335.,Terminator Salvation,(2009),UA,115 min,6.5,49        
336.,The Devil Wears Prada,(2006),UA,109 min,6.9,62        
337.,The Italian Job,(2003),UA,111 min,7,68        
338.,Cloud Atlas,(2012),A,172 min,7.4,55        
339.,Ocean's Twelve,(2004),UA,125 min,6.5,58        
340.,Fast Five,(2011),UA,130 min,7.3,66        
341.,The Exorcist,(1973),A,122 min,8.1,82        
342.,Face/Off,(1997),A,138 min,7.3,82        
343.,Moneyball,(2011),13,133 min,7.6,87        
344.,2012,(I) (2009),UA,158 min,5.8,49        
345.,Back to the Future Part III,(1990),PG,118 min,7.4,55        
346.,Sweeney Todd: The Demon Barber of Fleet Street,(2007),A,116 min,7.3,83        
347.,E.T. the Extra-Terrestrial,(1982),U,115 min,7.9,92        
348.,The Machinist,(2004),R,101 min,7.6,61        
349.,The Town,(2010),A,125 min,7.5,74        
350.,Wedding Crashers,(2005),UA,119 min,7,64        
351.,127 Hours,(2010),UA,94 min,7.5,82        
352.,Big Hero 6,(2014),U,102 min,7.8,74        
353.,The Lost World: Jurassic Park,(1997),UA,129 min,6.5,59        
354.,Fast & Furious 7,(2015),A,137 min,7.1,67        
355.,Unforgiven,(1992),A,130 min,8.2,85        
356.,Dead Poets Society,(1989),U,128 min,8.1,79        
357.,The Cabin in the Woods,(2011),A,95 min,7,72        
358.,Easy A,(2010),A,92 min,7,72        
359.,The Fighter,(I) (2010),UA,116 min,7.8,79        
360.,It's a Wonderful Life,(1946),PG,130 min,8.6,89        
361.,Spectre,(I) (2015),UA,148 min,6.8,60        
362.,Scott Pilgrim vs. the World,(2010),U,112 min,7.6,69        
363.,Brave,(2012),U,93 min,7.1,69        
364.,Inside Man,(2006),18,129 min,7.6,76        
365.,Due Date,(2010),UA,95 min,6.5,51        
366.,Wreck-It Ralph,(2012),U,101 min,7.7,72        
367.,The Fast and the Furious,(2001),A,106 min,6.8,58        
368.,Life of Brian,(1979),94 min,94 min,8,77        
369.,Yes Man,(2008),PG-13,104 min,6.8,46        
370.,Signs,(2002),UA,106 min,6.8,59        
371.,Stand by Me,(1986),U,89 min,8.1,75        
372.,Amadeus,(1984),R,160 min,8.4,87        
373.,50/50,(2011),18,100 min,7.6,72        
374.,Up in the Air,(I) (2009),A,109 min,7.4,83        
375.,Men in Black II,(2002),UA,88 min,6.2,49        
376.,The Expendables,(2010),A,103 min,6.4,45        
377.,Friends with Benefits,(2011),A,109 min,6.5,63        
378.,Ghostbusters,(1984),UA,105 min,7.8,71        
379.,Die Hard 2,(1990),A,124 min,7.1,67        
380.,The Hateful Eight,(2015),A,168 min,7.8,68        
381.,Batman,(1989),U,126 min,7.5,69        
382.,The Others,(2001),13,101 min,7.6,74        
383.,Fantastic Four,(I) (2005),UA,106 min,5.7,40        
384.,Men in Black 3,(2012),UA,106 min,6.8,58        
385.,Anchorman: The Legend of Ron Burgundy,(2004),UA,94 min,7.1,63        
386.,The Godfather Part III,(1990),A,162 min,7.6,60        
387.,Sleepy Hollow,(1999),UA,105 min,7.3,65        
388.,Man on Fire,(2004),UA,146 min,7.7,47        
389.,Madagascar,(2005),U,86 min,6.9,57        
390.,50 First Dates,(2004),UA,99 min,6.8,48        
391.,The Mask,(1994),U,101 min,6.9,59        
392.,Boyhood,(I) (2014),A,165 min,7.9,100        
393.,Captain America: Civil War,(2016),UA,147 min,7.8,75        
394.,The Theory of Everything,(2014),U,123 min,7.7,71        
395.,Hotel Rwanda,(2004),UA,121 min,8.1,79        
396.,The Aviator,(2004),UA,170 min,7.5,77        
397.,Tron: Legacy,(2010),U,125 min,6.8,49        
398.,Flight,(I) (2012),UA,138 min,7.3,76        
399.,The Island,(2005),UA,136 min,6.8,50        
400.,Cars,(2006),U,117 min,7.2,73        
401.,Lucky Number Slevin,(2006),R,110 min,7.7,53        
402.,Equilibrium,(2002),UA,107 min,7.3,33        
403.,Speed,(1994),A,116 min,7.3,78        
404.,The Game,(1997),UA,129 min,7.7,63        
405.,Aladdin,(1992),U,90 min,8,86        
406.,Meet the Parents,(2000),UA,108 min,7,73        
407.,Moon,(2009),R,97 min,7.8,67        
408.,Brokeback Mountain,(2005),A,134 min,7.7,87        
409.,The Rock,(1996),A,136 min,7.4,58        
410.,The Devil's Advocate,(1997),A,144 min,7.5,60        
411.,The Lives of Others,(2006),A,137 min,8.4,89        
412.,The Simpsons Movie,(2007),U,87 min,7.3,80        
413.,The Thing,(1982),A,109 min,8.2,57        
414.,22 Jump Street,(2014),A,112 min,7,71        
415.,Ocean's Thirteen,(2007),UA,122 min,6.9,62        
416.,The Breakfast Club,(1985),UA,97 min,7.8,66        
417.,Mission: Impossible III,(2006),UA,126 min,6.9,66        
418.,Shooter,(I) (2007),A,124 min,7.1,53        
419.,National Treasure,(2004),U,131 min,6.9,40        
420.,Pineapple Express,(2008),A,111 min,6.9,64        
421.,Real Steel,(2011),UA,127 min,7.1,56        
422.,Being John Malkovich,(1999),R,113 min,7.7,90        
423.,Pearl Harbor,(2001),UA,183 min,6.2,44        
424.,Maleficent,(2014),U,97 min,6.9,56        
425.,The Wrestler,(2008),UA,109 min,7.9,80        
426.,John Wick,(2014),A,101 min,7.4,68        
427.,The Ring,(2002),UA,115 min,7.1,57        
428.,The Fault in Our Stars,(2014),UA,126 min,7.7,69        
429.,Vertigo,(1958),A,128 min,8.3,100        
430.,Burn After Reading,(2008),R,96 min,7,63        
431.,Der Untergang,(2004),UA,156 min,8.2,82        
432.,Lord of War,(2005),All,122 min,7.6,62        
433.,The Mummy Returns,(2001),A,130 min,6.4,48        
434.,There's Something About Mary,(1998),A,119 min,7.1,69        
435.,The Expendables 2,(2012),A,103 min,6.6,51        
436.,The Interview,(II) (2014),UA,112 min,6.5,52        
437.,Click,(2006),A,107 min,6.4,45        
438.,The Lego Movie,(2014),U,100 min,7.7,83        
439.,Mean Girls,(2004),A,97 min,7.1,66        
440.,Salt,(2010),UA,100 min,6.4,65        
441.,Hugo,(2011),U,126 min,7.5,83        
442.,Unbreakable,(2000),UA,106 min,7.3,62        
443.,Hitch,(I) (2005),U,118 min,6.6,58        
444.,Hellboy,(2004),UA,122 min,6.8,72        
445.,Babel,(I) (2006),A,143 min,7.5,69        
446.,Les Misérables,(2012),A,158 min,7.5,63        
447.,Ferris Bueller's Day Off,(1986),U,103 min,7.8,61        
448.,Jumper,(2008),UA,88 min,6.1,35        
449.,Serenity,(2005),PG-13,119 min,7.8,74        
450.,Transformers: Age of Extinction,(2014),UA,165 min,5.6,32        
451.,Deja Vu,(2006),UA,126 min,7.1,59        
452.,Mission: Impossible II,(2000),UA,123 min,6.1,59        
453.,Magnolia,(1999),UA,188 min,8,78        
454.,True Grit,(2010),16,110 min,7.6,80        
455.,Superman Returns,(2006),U,154 min,6.1,72        
456.,Total Recall,(1990),A,113 min,7.5,60        
457.,Interview with the Vampire: The Vampire Chronicles,(1994),R,123 min,7.5,62        
458.,Jackie Brown,(1997),UA,154 min,7.5,62        
459.,RED,(2010),UA,111 min,7,60        
460.,A.I. Artificial Intelligence,(2001),U,146 min,7.2,65        
461.,Taken 2,(2012),A,92 min,6.2,45        
462.,3:10 to Yuma,(2007),A,122 min,7.6,76        
463.,Moonrise Kingdom,(2012),A,94 min,7.8,84        
464.,The Transporter,(2002),A,92 min,6.8,51        
465.,The Secret Life of Walter Mitty,(2013),UA,114 min,7.3,54        
466.,Apocalypto,(2006),A,139 min,7.8,68        
467.,Mulholland Dr.,(2001),UA,147 min,7.9,86        
468.,Constantine,(2005),A,121 min,7,50        
469.,Raging Bull,(1980),A,129 min,8.1,90        
470.,Monsters University,(2013),U,104 min,7.2,65        
471.,Night at the Museum,(2006),U,108 min,6.5,48        
472.,Seven Pounds,(2008),UA,123 min,7.6,36        
473.,The Deer Hunter,(1978),A,183 min,8.1,89        
474.,Mission: Impossible - Rogue Nation,(2015),UA,131 min,7.4,75        
475.,Public Enemies,(2009),A,140 min,7,70        
476.,Clash of the Titans,(2010),UA,106 min,5.8,39        
477.,Shichinin no samurai,(1954),U,207 min,8.6,98        
478.,The Equalizer,(2014),A,132 min,7.2,57        
479.,The Bourne Legacy,(2012),UA,135 min,6.6,61        
480.,Snow White and the Huntsman,(2012),UA,127 min,6.1,57        
481.,The Proposal,(I) (2009),A,108 min,6.7,48        
482.,Eyes Wide Shut,(1999),18,159 min,7.5,69        
483.,The Book of Eli,(2010),A,118 min,6.8,53        
484.,Jack Reacher,(2012),UA,130 min,7,50        
485.,Con Air,(1997),R,115 min,6.9,52        
486.,Donnie Brasco,(1997),A,127 min,7.7,77        
487.,300: Rise of an Empire,(2014),R,102 min,6.2,48        
488.,"O Brother, Where Art Thou?",(2000),U,107 min,7.7,69        
489.,As Good as It Gets,(1997),A,139 min,7.7,67        
490.,Moulin Rouge!,(2001),UA,127 min,7.6,66        
491.,Green Lantern,(2011),UA,114 min,5.5,39        
492.,The Hangover Part III,(2013),A,100 min,5.8,30        
493.,The Blind Side,(2009),UA,129 min,7.6,53        
494.,Prince of Persia: The Sands of Time,(2010),UA,116 min,6.6,50        
495.,Scream,(1996),A,111 min,7.4,66        
496.,The Nightmare Before Christmas,(1993),U,76 min,7.9,82        
497.,10 Things I Hate About You,(1999),U,97 min,7.3,70        
498.,Starship Troopers,(1997),A,129 min,7.3,52        
499.,Mononoke-hime,(1997),U,134 min,8.3,76        
500.,The Twilight Saga: New Moon,(2009),UA,130 min,4.8,44        
501.,Once Upon a Time in America,(1984),A,229 min,8.3,75        
502.,How to Train Your Dragon 2,(2014),U,102 min,7.8,77        
503.,GATTACA,(1997),UA,106 min,7.7,64        
504.,The Mist,(2007),13,126 min,7.1,58        
505.,Liar Liar,(1997),UA,86 min,6.9,70        
506.,North by Northwest,(1959),U,136 min,8.3,98        
507.,Fifty Shades of Grey,(2015),(Banned),125 min,4.2,46        
508.,Jurassic Park III,(2001),UA,92 min,5.9,42        
509.,Top Gun,(1986),U,109 min,6.9,50        
510.,The Untouchables,(1987),A,119 min,7.8,79        
511.,From Dusk Till Dawn,(1996),A,108 min,7.2,48        
512.,Insomnia,(2002),UA,118 min,7.2,78        
513.,Bridesmaids,(I) (2011),UA 16+,125 min,6.8,75        
514.,Gone in Sixty Seconds,(2000),U,118 min,6.5,35        
515.,Wo hu cang long,(2000),UA,120 min,7.9,94        
516.,Forgetting Sarah Marshall,(2008),UA,111 min,7.1,67        
517.,Law Abiding Citizen,(2009),A,109 min,7.4,34        
518.,Kingdom of Heaven,(2005),A,144 min,7.3,63        
519.,Ace Ventura: Pet Detective,(1994),A,86 min,6.9,37        
520.,Neighbors,(I) (2014),15+,97 min,6.3,68        
521.,Zero Dark Thirty,(2012),A,157 min,7.4,95        
522.,Chinatown,(1974),UA,130 min,8.1,92        
523.,Once Upon a Time in the West,(1968),U,166 min,8.5,82        
524.,Gone with the Wind,(1939),U,238 min,8.2,97        
525.,Batman Returns,(1992),U,126 min,7.1,68        
526.,To Kill a Mockingbird,(1962),U,129 min,8.3,88        
527.,The Dictator,(2012),18,83 min,6.4,58        
528.,Hauru no ugoku shiro,(2004),U,119 min,8.2,82        
529.,Pitch Perfect,(2012),U,112 min,7.1,66        
530.,The Fugitive,(1993),U,130 min,7.8,87        
531.,Pretty Woman,(1990),A,119 min,7.1,51        
532.,4: Rise of the Silver Surfer,(2007),U,92 min,5.6,45        
533.,Fear and Loathing in Las Vegas,(1998),R,118 min,7.5,41        
534.,Step Brothers,(2008),UA,98 min,6.9,51        
535.,John Carter,(2012),UA,132 min,6.6,51        
536.,Stardust,(2007),U,127 min,7.6,66        
537.,28 Weeks Later,(2007),R,100 min,6.9,78        
538.,Hulk,(2003),UA,138 min,5.6,54        
539.,Robin Hood,(2010),PG-13,140 min,6.6,53        
540.,Shrek the Third,(2007),U,93 min,6.1,58        
541.,The A-Team,(2010),18,117 min,6.7,47        
542.,Meet the Fockers,(2004),A,115 min,6.3,41        
543.,A Bug's Life,(1998),U,95 min,7.2,78        
544.,The Graduate,(1967),A,106 min,8,83        
545.,School of Rock,(2003),Not Rated,109 min,7.2,82        
546.,Unknown,(I) (2011),UA,113 min,6.8,56        
547.,1408,(2007),A,104 min,6.8,64        
548.,Death Proof,(2007),A,127 min,7,
549.,The Royal Tenenbaums,(2001),A,110 min,7.6,76        
550.,Apollo 13,(I) (1995),U,140 min,7.7,78        
551.,Hannibal,(2001),R,131 min,6.8,57        
552.,Hellboy II: The Golden Army,(2008),UA,120 min,7,78        
553.,Underworld,(2003),A,121 min,7,42        
554.,Phone Booth,(2002),R,81 min,7.1,56        
555.,Angels & Demons,(2009),A,138 min,6.7,48        
556.,The Patriot,(2000),A,165 min,7.2,63        
557.,Alien³,(1992),R,114 min,6.4,59        
558.,Almost Famous,(2000),A,122 min,7.9,90        
559.,Vanilla Sky,(2001),18,136 min,6.9,45        
560.,3 Idiots,(2009),UA,170 min,8.4,67        
561.,Jumanji,(1995),UA,104 min,7.1,39        
562.,Panic Room,(2002),UA,112 min,6.8,65        
563.,The Descendants,(2011),A,115 min,7.3,84        
564.,Chronicle,(2012),UA,89 min,7,69        
565.,Red Dragon,(2002),A,124 min,7.2,60        
566.,Lone Survivor,(2013),A,121 min,7.5,60        
567.,Dredd,(2012),A,95 min,7.1,60        
568.,Fast & Furious,(2009),UA,107 min,6.5,46        
569.,The Grey,(2011),A,117 min,6.7,64        
570.,Notting Hill,(1999),U,124 min,7.2,68        
571.,Olympus Has Fallen,(2013),A,119 min,6.5,41        
572.,Kick-Ass 2,(2013),A,103 min,6.5,41        
573.,Battleship,(2012),UA,131 min,5.8,41        
574.,Insidious,(I) (2010),UA,103 min,6.8,52        
575.,Total Recall,(I) (2012),UA,118 min,6.2,43        
576.,About Time,(I) (2013),16,123 min,7.8,55        
577.,Zoolander,(2001),UA,90 min,6.5,61        
578.,Contact,(1997),U,150 min,7.5,62        
579.,Non-Stop,(2014),UA,106 min,6.9,56        
580.,Road to Perdition,(2002),A,117 min,7.7,72        
581.,American Pie 2,(2001),18,108 min,6.4,43        
582.,Office Space,(1999),R,89 min,7.6,68        
583.,Noah,(2014),UA,138 min,5.8,68        
584.,The Adjustment Bureau,(2011),UA,106 min,7,60        
585.,Home Alone 2: Lost in New York,(1992),U,120 min,6.9,46        
586.,Changeling,(2008),A,141 min,7.8,63        
587.,GoldenEye,(1995),UA,130 min,7.2,65        
588.,Dark Shadows,(2012),A,113 min,6.2,55        
589.,Resident Evil,(2002),A,100 min,6.6,35        
590.,Vicky Cristina Barcelona,(2008),A,96 min,7.1,70        
591.,Blow,(2001),R,124 min,7.5,52        
592.,The Boondock Saints,(1999),A,108 min,7.7,44        
593.,Sucker Punch,(2011),UA,110 min,6.1,33        
594.,Lincoln,(2012),U,150 min,7.3,87        
595.,Crank,(2006),A,88 min,6.9,57        
596.,Van Helsing,(2004),UA,131 min,6.1,35        
597.,Role Models,(2008),UA,99 min,6.8,61        
598.,I Am Number Four,(2011),UA,111 min,6.1,36        
599.,RocknRolla,(2008),A,114 min,7.2,53        
600.,Dawn of the Dead,(2004),A,101 min,7.3,59        
601.,Scent of a Woman,(1992),UA,156 min,8,57        
602.,Pitch Black,(2000),UA,109 min,7,49        
603.,Ice Age: The Meltdown,(2006),U,91 min,6.8,59        
604.,The Village,(2004),UA,108 min,6.6,44        
605.,Sicario,(2015),A,121 min,7.7,82        
606.,Pride & Prejudice,(2005),U,129 min,7.8,82        
607.,Gone Baby Gone,(2007),A,114 min,7.6,72        
608.,Atonement,(2007),UA,123 min,7.8,85        
609.,Annie Hall,(1977),A,93 min,8,92        
610.,Lawrence of Arabia,(1962),U,218 min,8.3,100        
611.,Paul,(2011),U,104 min,6.9,57        
612.,Thank You for Smoking,(2005),R,92 min,7.5,71        
613.,2 Fast 2 Furious,(2003),A,107 min,5.9,38        
614.,Spotlight,(I) (2015),A,129 min,8.1,93        
615.,21,(2008),18,123 min,6.8,48        
616.,Blade,(1998),R,120 min,7.1,47        
617.,The Fountain,(2006),U,97 min,7.2,51        
618.,Lethal Weapon,(1987),UA,109 min,7.6,68        
619.,Batman Forever,(1995),UA,121 min,5.4,54        
620.,Perfume: The Story of a Murderer,(2006),R,147 min,7.5,56        
621.,Don Jon,(2013),13,90 min,6.5,66        
622.,True Lies,(1994),A,141 min,7.3,63        
623.,Sunshine,(2007),UA,107 min,7.2,64        
624.,The Artist,(I) (2011),U,100 min,7.9,89        
625.,Jerry Maguire,(1996),U,139 min,7.3,77        
626.,The Reader,(2008),UA,124 min,7.6,58        
627.,Batman & Robin,(1997),U,125 min,3.8,29        
628.,21 Grams,(2003),UA,124 min,7.6,70        
629.,The Other Guys,(2010),A,107 min,6.6,64        
630.,Eastern Promises,(2007),R,100 min,7.6,83        
631.,Beetlejuice,(1988),UA,92 min,7.5,71        
632.,Boogie Nights,(1997),18,155 min,7.9,86        
633.,Enemy at the Gates,(2001),A,131 min,7.5,53        
634.,The Ides of March,(2011),A,101 min,7.1,67        
635.,Walk the Line,(2005),U,136 min,7.8,72        
636.,Corpse Bride,(2005),U,77 min,7.4,83        
637.,Saw II,(2005),A,93 min,6.6,40        
638.,Enemy of the State,(1998),A,132 min,7.3,67        
639.,Garden State,(2004),R,102 min,7.4,67        
640.,Terminator Genisys,(2015),UA,126 min,6.3,38        
641.,Rush Hour,(1998),UA,98 min,7,61        
642.,Scary Movie,(2000),15+,88 min,6.3,48        
643.,The Place Beyond the Pines,(2012),A,140 min,7.3,68        
644.,Disturbia,(2007),A,105 min,6.8,62        
645.,Stranger Than Fiction,(2006),PG-13,113 min,7.5,67        
646.,Knowing,(2009),UA,121 min,6.2,41        
647.,8 Mile,(2002),UA,110 min,7.2,77        
648.,The Blair Witch Project,(1999),UA,81 min,6.5,80        
649.,A History of Violence,(2005),UA,96 min,7.4,82        
650.,Dances with Wolves,(1990),U,181 min,8,72        
651.,"Me, Myself & Irene",(2000),A,116 min,6.6,49        
652.,Seven Psychopaths,(2012),R,110 min,7.1,66        
653.,The Twilight Saga: Breaking Dawn - Part 2,(2012),UA,115 min,5.5,52        
654.,Old School,(2003),UA,88 min,7,54        
655.,The World's End,(2013),UA,109 min,6.9,81        
656.,Dodgeball: A True Underdog Story,(2004),UA,92 min,6.7,55        
657.,Lawless,(2012),R,116 min,7.2,58        
658.,Paranormal Activity,(2007),UA,86 min,6.3,68        
659.,The Bucket List,(2007),U,97 min,7.4,42        
660.,The Twilight Saga: Eclipse,(2010),UA,124 min,5.1,58        
661.,Warm Bodies,(2013),15+,98 min,6.8,60        
662.,Ender's Game,(2013),UA,114 min,6.6,51        
663.,The Chronicles of Riddick,(2004),UA,119 min,6.6,38        
664.,Austin Powers: International Man of Mystery,(1997),UA,94 min,7,51        
665.,Valkyrie,(2008),UA,121 min,7.1,56        
666.,National Treasure: Book of Secrets,(2007),U,124 min,6.5,48        
667.,Rango,(2011),U,107 min,7.3,75        
668.,Before Sunrise,(1995),16,101 min,8.1,78        
669.,RoboCop,(2014),UA,117 min,6.1,52        
670.,Hook,(1991),U,142 min,6.8,52        
671.,The Holiday,(2006),UA,136 min,6.9,52        
672.,Ghost Rider,(2007),UA,110 min,5.3,35        
673.,The Twilight Saga: Breaking Dawn - Part 1,(2011),A,117 min,4.9,45        
674.,Dog Day Afternoon,(1975),U,125 min,8,86        
675.,A Few Good Men,(1992),U,138 min,7.7,62        
676.,Kung Fu Panda 2,(2011),U,90 min,7.2,67        
677.,Dogma,(1999),R,130 min,7.3,62        
678.,The Lone Ranger,(2013),UA,150 min,6.4,37        
679.,Clerks,(1994),U,92 min,7.7,70        
680.,Grown Ups,(I) (2010),A,102 min,6,30        
681.,Austin Powers: The Spy Who Shagged Me,(1999),UA,95 min,6.6,59        
682.,Mrs. Doubtfire,(1993),U,125 min,7.1,54        
683.,Snowpiercer,(2013),A,126 min,7.1,84        
684.,Final Destination,(2000),A,98 min,6.7,39        
685.,RoboCop,(1987),UA,102 min,7.6,70        
686.,End of Watch,(2012),A,109 min,7.6,68        
687.,Contagion,(2011),U,106 min,6.8,70        
688.,Rambo,(2008),A,92 min,7,46        
689.,The Big Short,(2015),A,130 min,7.8,81        
690.,The Passion of the Christ,(2004),A,127 min,7.2,47        
691.,The Fast and the Furious: Tokyo Drift,(2006),UA,104 min,6,45        
692.,Philadelphia,(1993),UA,125 min,7.7,66        
693.,The Goonies,(1985),U,114 min,7.7,62        
694.,Bad Boys II,(2003),UA,147 min,6.6,38        
695.,Planet of the Apes,(2001),UA,120 min,5.7,50        
696.,Identity,(2003),A,90 min,7.3,64        
697.,Escape Plan,(2013),A,115 min,6.7,49        
698.,The Adventures of Tintin,(2011),U,107 min,7.3,68        
699.,The Road,(I) (2009),R,111 min,7.2,64        
700.,Munich,(2005),A,164 min,7.5,74        
701.,The Tourist,(I) (2010),UA,103 min,6,37        
702.,Bridge of Spies,(2015),UA,142 min,7.6,81        
703.,The Beach,(I) (2000),A,119 min,6.6,43        
704.,Daredevil,(2003),UA,103 min,5.3,42        
705.,Kiss Kiss Bang Bang,(2005),UA,103 min,7.5,73        
706.,Shakespeare in Love,(1998),UA,123 min,7.1,87        
707.,Oz the Great and Powerful,(2013),UA,130 min,6.3,44        
708.,The Sting,(1973),U,129 min,8.3,83        
709.,Some Like It Hot,(1959),U,121 min,8.2,98        
710.,Män som hatar kvinnor,(2009),R,152 min,7.8,76        
711.,Finding Neverland,(2004),U,106 min,7.7,67        
712.,G.I. Joe: The Rise of Cobra,(2009),UA,118 min,5.7,32        
713.,Body of Lies,(2008),A,128 min,7,57        
714.,The Man from U.N.C.L.E.,(2015),UA,116 min,7.2,56        
715.,The Lincoln Lawyer,(2011),A,118 min,7.3,63        
716.,Gangster Squad,(2013),A,113 min,6.7,40        
717.,Amores perros,(2000),A,154 min,8.1,83        
718.,Låt den rätte komma in,(2008),R,114 min,7.8,82        
719.,Natural Born Killers,(1994),A,119 min,7.2,74        
720.,Silent Hill,(2006),R,125 min,6.5,31        
721.,Just Go with It,(2011),UA,117 min,6.4,33        
722.,Transcendence,(I) (2014),UA,119 min,6.2,42        
723.,Chappie,(2015),UA,120 min,6.8,41        
724.,Megamind,(2010),U,95 min,7.3,63        
725.,First Blood,(1982),A,93 min,7.7,61        
726.,Bad Boys,(1995),A,119 min,6.8,41        
727.,Mars Attacks!,(1996),UA,106 min,6.4,52        
728.,American Reunion,(2012),A,113 min,6.7,49        
729.,Chicago,(2002),A,113 min,7.2,81        
730.,Cowboys & Aliens,(2011),13,119 min,6,50        
731.,Tonari no Totoro,(1988),U,86 min,8.1,86        
732.,What's Eating Gilbert Grape,(1993),U,118 min,7.7,73        
733.,Gandhi,(1982),U,191 min,8,79        
734.,Bridget Jones's Diary,(2001),A,97 min,6.8,66        
735.,Mulan,(1998),U,87 min,7.7,72        
736.,Predators,(2010),A,107 min,6.4,51        
737.,The Girl Next Door,(2004),A,109 min,6.7,47        
738.,Anger Management,(2003),A,106 min,6.2,52        
739.,Traffic,(2000),A,147 min,7.6,86        
740.,Alien Resurrection,(1997),A,109 min,6.2,62        
741.,Die Another Day,(2002),A,133 min,6.1,56        
742.,The Little Mermaid,(1989),U,83 min,7.6,88        
743.,Grease,(1978),UA,110 min,7.2,70        
744.,Jagten,(2012),7,115 min,8.3,77        
745.,Meet Joe Black,(1998),A,178 min,7.2,43        
746.,No Strings Attached,(I) (2011),A,108 min,6.2,50        
747.,Closer,(I) (2004),A,104 min,7.2,65        
748.,Before Sunset,(2004),A,80 min,8.1,91        
749.,Master and Commander: The Far Side of the World,(2003),PG-13,138 min,7.5,81        
750.,Get Smart,(2008),UA,110 min,6.5,54        
751.,Das Boot,(1981),R,149 min,8.4,85        
752.,Planet Terror,(2007),A,105 min,7,
753.,P.S. I Love You,(2007),A,126 min,7,39        
754.,Ip Man,(2008),R,106 min,8,59        
755.,Spy,(2015),A,120 min,7,75        
756.,Zootopia,(2016),U,108 min,8,78        
757.,Romeo + Juliet,(1996),UA,120 min,6.7,60        
758.,Teenage Mutant Ninja Turtles,(2014),15+,101 min,5.8,31        
759.,Safe House,(2012),UA,115 min,6.7,52        
760.,Death Race,(2008),A,105 min,6.4,43        
761.,Ice Age: Dawn of the Dinosaurs,(2009),U,94 min,6.9,50        
762.,"I Love You, Man",(2009),A,105 min,7,70        
763.,Match Point,(2005),R,124 min,7.6,72        
764.,Machete,(2010),R,105 min,6.6,60        
765.,A Good Day to Die Hard,(2013),UA,98 min,5.2,28        
766.,The Great Escape,(1963),U,172 min,8.2,86        
767.,Predestination,(I) (2014),18,97 min,7.4,69        
768.,Rio,(2011),U,96 min,6.9,63        
769.,The Number 23,(2007),UA,98 min,6.4,
770.,The Hunger Games: Mockingjay - Part 2,(2015),UA,137 min,6.5,65        
771.,White House Down,(2013),UA,131 min,6.3,52        
772.,Hotel Transylvania,(2012),UA,91 min,7,47        
773.,The Ugly Truth,(2009),A,96 min,6.4,28        
774.,True Romance,(1993),A,119 min,7.9,59        
775.,The Happening,(2008),UA,91 min,5,34        
776.,Austin Powers in Goldmember,(2002),UA,94 min,6.2,62        
777.,Carlito's Way,(1993),A,144 min,7.9,66        
778.,A Walk to Remember,(2002),U,101 min,7.3,35        
779.,American Wedding,(2003),A,96 min,6.3,43        
780.,EuroTrip,(2004),18,92 min,6.6,45        
781.,Rocky Balboa,(2006),U,102 min,7.1,63        
782.,"South Park: Bigger, Longer & Uncut",(1999),A,81 min,7.7,73        
783.,The Elephant Man,(1980),UA,124 min,8.2,78        
784.,Big Daddy,(1999),U,93 min,6.4,42        
785.,Lola rennt,(1998),UA,81 min,7.7,79        
786.,Napoleon Dynamite,(2004),PG,96 min,7,64        
787.,Pain & Gain,(2013),15+,129 min,6.4,45        
788.,Remember the Titans,(2000),U,113 min,7.8,48        
789.,Bad Teacher,(2011),A,92 min,5.7,47        
790.,Rush Hour 2,(2001),UA,90 min,6.7,48        
791.,Cube,(1997),UA,90 min,7.1,61        
792.,Ace Ventura: When Nature Calls,(1995),U,90 min,6.4,43        
793.,Airplane!,(1980),U,88 min,7.7,78        
794.,Ben-Hur,(1959),U,212 min,8.1,90        
795.,The Internship,(2013),UA,119 min,6.3,42        
796.,Hansel & Gretel: Witch Hunters,(2013),A,88 min,6.1,23        
797.,Hanna,(2011),13,111 min,6.7,65        
798.,What Women Want,(2000),A,127 min,6.4,47        
799.,After Earth,(2013),UA,100 min,4.8,33        
800.,Drag Me to Hell,(2009),Not Rated,99 min,6.6,83        
801.,Blade II,(2002),18,117 min,6.7,52        
802.,Room,(I) (2015),U,118 min,8.1,86        
803.,Halloween,(1978),A,91 min,7.7,90        
804.,The World Is Not Enough,(1999),A,128 min,6.4,57        
805.,Per qualche dollaro in più,(1965),U,132 min,8.2,74        
806.,Project X,(2012),R,88 min,6.7,46        
807.,Lara Croft: Tomb Raider,(2001),U,100 min,5.8,33        
808.,Dark City,(1998),A,100 min,7.6,66        
809.,2 Guns,(2013),A,109 min,6.7,55        
810.,A Series of Unfortunate Events,(2004),U,108 min,6.8,62        
811.,How to Lose a Guy in 10 Days,(2003),A,116 min,6.5,45        
812.,You Don't Mess with the Zohan,(2008),PG-13,113 min,5.6,54        
813.,Underworld: Evolution,(2006),A,106 min,6.7,36        
814.,Transporter 2,(2005),A,87 min,6.3,56        
815.,Happy Gilmore,(1996),PG-13,92 min,7,31        
816.,The Hitchhiker's Guide to the Galaxy,(2005),PG,109 min,6.7,63        
817.,Swordfish,(2001),A,99 min,6.5,32        
818.,Grindhouse,(2007),R,191 min,7.5,77        
819.,Harold & Kumar Go to White Castle,(2004),A,88 min,7,64        
820.,Battle: Los Angeles,(2011),UA,116 min,5.7,37        
821.,The Descent,(2005),A,99 min,7.2,71        
822.,Sinister,(I) (2012),A,110 min,6.8,53        
823.,Hachi: A Dog's Tale,(2009),U,93 min,8.1,
824.,Sleepers,(1996),UA,147 min,7.5,49        
825.,Ghost,(1990),UA,127 min,7.1,52        
826.,Insurgent,(2015),UA,119 min,6.2,42        
827.,Big,(1988),U,104 min,7.3,73        
828.,Wrath of the Titans,(2012),UA,99 min,5.7,37        
829.,Revolutionary Road,(2008),16,119 min,7.3,69        
830.,Cloudy with a Chance of Meatballs,(2009),U,90 min,6.9,66        
831.,The Bank Job,(2008),111 min,111 min,7.2,69        
832.,Brazil,(1985),U,132 min,7.9,84        
833.,Nuovo Cinema Paradiso,(1988),U,174 min,8.5,80        
834.,Mad Max,(1979),U,88 min,6.8,73        
835.,Butch Cassidy and the Sundance Kid,(1969),U,110 min,8,66        
836.,You've Got Mail,(1998),U,119 min,6.7,58        
837.,Godzilla,(I) (1998),UA,139 min,5.4,32        
838.,Jodaeiye Nader az Simin,(2011),7,123 min,8.3,95        
839.,Surrogates,(2009),UA,89 min,6.3,45        
840.,Resident Evil: Apocalypse,(2004),A,94 min,6.1,36        
841.,Eagle Eye,(2008),A,118 min,6.6,43        
842.,The Croods,(2013),U,98 min,7.2,55        
843.,Chocolat,(2000),U,121 min,7.3,64        
844.,Sideways,(2004),R,127 min,7.5,94        
845.,The Taking of Pelham 123,(2009),UA,106 min,6.4,55        
846.,Blue Jasmine,(2013),PG-13,98 min,7.3,78        
847.,Unstoppable,(2010),UA,98 min,6.8,69        
848.,Singin' in the Rain,(1952),G,103 min,8.3,99        
849.,The Chronicles of Narnia: Prince Caspian,(2008),U,150 min,6.5,62        
850.,Zack and Miri Make a Porno,(2008),A,101 min,6.5,56        
851.,Tomorrow Never Dies,(1997),U,119 min,6.5,52        
852.,25th Hour,(2002),R,135 min,7.6,69        
853.,Ying xiong,(2002),UA,120 min,7.9,85        
854.,Resident Evil: Extinction,(2007),A,94 min,6.2,41        
855.,The Bridge on the River Kwai,(1957),U,161 min,8.1,87        
856.,Cruel Intentions,(1999),UA,97 min,6.8,56        
857.,A Nightmare on Elm Street,(1984),A,91 min,7.4,76        
858.,The Golden Compass,(2007),UA,113 min,6.1,51        
859.,When Harry Met Sally...,(1989),UA,95 min,7.7,76        
860.,Stargate,(1994),U,116 min,7,42        
861.,Tinker Tailor Soldier Spy,(2011),A,127 min,7,85        
862.,K-PAX,(2001),U,120 min,7.4,49        
863.,Focus,(II) (2015),A,105 min,6.6,56        
864.,Side Effects,(I) (2013),18,106 min,7.1,75        
865.,Cinderella Man,(2005),UA,144 min,8,69        
866.,Knight and Day,(2010),UA,109 min,6.3,46        
867.,The Sound of Music,(1965),U,172 min,8.1,63        
868.,Serbuan maut,(2011),A,101 min,7.6,73        
869.,Mr. Nobody,(2009),R,141 min,7.7,63        
870.,Elf,(2003),U,97 min,7.1,66        
871.,This Means War,(2012),A,103 min,6.3,31        
872.,Secret Window,(2004),UA,96 min,6.5,46        
873.,Get Him to the Greek,(2010),A,109 min,6.3,65        
874.,Per un pugno di dollari,(1964),A,99 min,7.9,65        
875.,San Andreas,(2015),UA,114 min,6.1,43        
876.,17 Again,(2009),UA,102 min,6.4,48        
877.,Bolt,(2008),U,96 min,6.8,67        
878.,G.I. Joe: Retaliation,(2013),UA,110 min,5.7,41        
879.,The Next Three Days,(2010),13,133 min,7.3,52        
880.,Southpaw,(2015),16,124 min,7.3,57        
881.,Air Force One,(1997),UA,124 min,6.5,62        
882.,Mamma Mia!,(2008),A,108 min,6.5,51        
883.,Madagascar: Escape 2 Africa,(2008),U,89 min,6.6,61        
884.,The Vow,(2012),UA,104 min,6.8,43        
885.,The Last King of Scotland,(2006),A,123 min,7.6,74        
886.,Ronin,(1998),R,122 min,7.2,67        
887.,Charlie's Angels,(2000),A,98 min,5.6,52        
888.,Creed,(II) (2015),UA,133 min,7.6,82        
889.,Robin Hood: Prince of Thieves,(1991),U,143 min,6.9,51        
890.,Shame,(2011),(Banned),101 min,7.2,72        
891.,Lo imposible,(2012),UA,114 min,7.5,73        
892.,Ice Age: Continental Drift,(2012),U,88 min,6.5,49        
893.,Waterworld,(1995),UA,135 min,6.3,56        
894.,Twister,(I) (1996),UA,113 min,6.5,68        
895.,About a Boy,(2002),U,101 min,7.1,75        
896.,Tarzan,(1999),U,88 min,7.3,80        
897.,Bram Stoker's Dracula,(1992),UA,128 min,7.4,57        
898.,The Hunt for Red October,(1990),U,135 min,7.5,58        
899.,AVP: Alien vs. Predator,(2004),UA,101 min,5.7,29        
900.,Jarhead,(2005),15+,125 min,7,58        
901.,Love & Other Drugs,(2010),UA,112 min,6.7,55        
902.,Adaptation.,(2002),R,115 min,7.7,83        
903.,High Fidelity,(2000),R,113 min,7.4,79        
904.,Coraline,(2009),U,100 min,7.7,80        
905.,Modern Times,(1936),87 min,87 min,8.5,96        
906.,X-Men: Apocalypse,(2016),UA,144 min,6.9,52        
907.,Pi,(1998),R,84 min,7.3,72        
908.,xXx,(2002),UA,124 min,5.8,48        
909.,Beowulf,(2007),A,115 min,6.3,59        
910.,Ed Wood,(1994),UA,127 min,7.8,70        
911.,Hercules,(1997),U,93 min,7.3,74        
912.,Enchanted,(2007),U,107 min,7.1,75        
913.,The Blues Brothers,(1980),U,133 min,7.9,60        
914.,Saw III,(2006),A,108 min,6.2,48        
915.,The English Patient,(1996),A,162 min,7.4,86        
916.,Gremlins,(1984),UA,106 min,7.3,70        
917.,The League of Extraordinary Gentlemen,(2003),UA,110 min,5.8,30        
918.,Dirty Dancing,(I) (1987),U,100 min,7,65        
919.,Minions,(2015),U,91 min,6.4,56        
920.,How the Grinch Stole Christmas,(2000),U,104 min,6.3,46        
921.,Orphan,(2009),A,123 min,7,42        
922.,Blue Valentine,(2010),18,112 min,7.3,81        
923.,Percy Jackson & the Olympians: The Lightning Thief,(2010),U,118 min,5.9,47        
924.,The Evil Dead,(1981),A,85 min,7.4,71        
925.,Hitman,(I) (2007),16,94 min,6.2,35        
926.,What Happens in Vegas,(2008),UA,99 min,6.1,36        
927.,Chicken Run,(2000),U,84 min,7.1,88        
928.,Who Framed Roger Rabbit,(1988),U,104 min,7.7,83        
929.,Rosemary's Baby,(1968),A,137 min,8,96        
930.,The Woman in Black,(2012),UA,95 min,6.4,62        
931.,Sunset Blvd.,(1950),110 min,110 min,8.4,94        
932.,The Life Aquatic with Steve Zissou,(2004),R,119 min,7.2,62        
933.,Goldfinger,(1964),A,110 min,7.7,87        
934.,The Day the Earth Stood Still,(2008),U,104 min,5.5,40        
935.,Ghostbusters II,(1989),U,108 min,6.6,56        
936.,Jupiter Ascending,(2015),A,127 min,5.3,40        
937.,Hot Tub Time Machine,(2010),R,99 min,6.4,63        
938.,Close Encounters of the Third Kind,(1977),U,138 min,7.6,90        
939.,Fracture,(2007),R,113 min,7.2,68        
940.,Fantastic Mr. Fox,(2009),U,87 min,7.9,83        
941.,The Thin Red Line,(1998),A,170 min,7.6,78        
942.,Alexander,(2004),UA,175 min,5.6,40        
943.,Hostel,(2005),A,94 min,5.9,55        
944.,Chef,(2014),A,114 min,7.3,68        
945.,Desperado,(1995),A,104 min,7.1,55        
946.,Batoru rowaiaru,(2000),18,114 min,7.5,81        
947.,Shrek Forever After,(2010),U,93 min,6.3,58        
948.,30 Days of Night,(2007),A,113 min,6.6,53        
949.,Dracula Untold,(2014),UA,92 min,6.2,40        
950.,The Purge,(I) (2013),18,85 min,5.7,41        
951.,Immortals,(2011),A,110 min,6,46        
952.,The Darjeeling Limited,(2007),UA 16+,91 min,7.2,67        
953.,Hotaru no haka,(1988),U,89 min,8.5,94        
954.,Three Kings,(1999),UA,114 min,7.1,82        
955.,The Ninth Gate,(1999),UA,133 min,6.7,44        
956.,The Talented Mr. Ripley,(1999),UA 16+,139 min,7.4,76        
957.,Rocky II,(1979),U,119 min,7.3,61        
958.,The Great Dictator,(1940),125 min,125 min,8.4,
959.,Miss Congeniality,(2000),A,109 min,6.3,43        
960.,Maze Runner: The Scorch Trials,(2015),UA,131 min,6.3,43        
961.,A Knight's Tale,(2001),U,132 min,7,56        
962.,Need for Speed,(2014),UA,132 min,6.4,39        
963.,The Judge,(2014),A,141 min,7.4,48        
964.,The Change-Up,(2011),UA,112 min,6.3,39        
965.,Milk,(I) (2008),A,128 min,7.5,83        
966.,Spaceballs,(1987),UA,96 min,7.1,46        
967.,The Crow,(1994),A,102 min,7.5,71        
968.,King Arthur,(2004),UA,126 min,6.3,46        
969.,The Tree of Life,(2011),UA,139 min,6.8,85        
970.,Planet of the Apes,(1968),U,112 min,8,79        
971.,Team America: World Police,(2004),A,98 min,7.2,64        
972.,The Assassination of Jesse James by the Coward Robert Ford,(2007),R,160 min,7.5,68        
973.,The Green Hornet,(2011),18,119 min,5.8,39        
974.,A Million Ways to Die in the West,(2014),18,116 min,6.1,44        
975.,Deep Impact,(1998),UA,120 min,6.2,40        
976.,The Mask of Zorro,(1998),UA,136 min,6.8,62        
977.,Falling Down,(1993),15+,113 min,7.6,56        
978.,Erin Brockovich,(2000),A,131 min,7.4,73        
979.,Mud,(2012),UA,130 min,7.4,76        
980.,Rocky IV,(1985),U,91 min,6.9,40        
981.,Mama,(I) (2013),A,100 min,6.2,57        
982.,Rushmore,(1998),UA,93 min,7.6,87        
983.,Layer Cake,(2004),UA,105 min,7.3,73        
984.,Mad Max 2,(1981),UA,96 min,7.6,77        
985.,Basic Instinct,(1992),A,127 min,7,43        
986.,Everest,(2015),UA,121 min,7.1,64        
987.,The Insider,(1999),UA,157 min,7.8,85        
988.,Michael Clayton,(2007),A,119 min,7.2,82        
989.,Misery,(1990),A,107 min,7.8,75        
990.,Snow White and the Seven Dwarfs,(1937),U,83 min,7.6,96        
991.,The Perfect Storm,(2000),UA,130 min,6.5,59        
992.,Taken 3,(2014),A,108 min,6,26        
993.,Road Trip,(2000),A,93 min,6.5,55        
994.,The Heat,(I) (2013),A,117 min,6.6,60        
995.,Blade: Trinity,(2004),Not Rated,113 min,5.8,38        
996.,The Ghost Writer,(2010),PG-13,128 min,7.2,77        
997.,Happy Feet,(2006),U,108 min,6.4,77        
998.,Shark Tale,(2004),U,90 min,6,48        
999.,Blue Velvet,(1986),A,120 min,7.7,75        
"1,000.",Letters from Iwo Jima,(2006),UA,141 min,7.8,89        
"1,001.",The Boy in the Striped Pajamas,(2008),PG-13,94 min,7.7,55        
"1,002.",He's Just Not That Into You,(2009),13,129 min,6.4,47        
"1,003.",Hard Candy,(2005),A,104 min,7,58        
"1,004.",Legally Blonde,(2001),U,96 min,6.5,59        
"1,005.",Primal Fear,(1996),A,129 min,7.7,47        
"1,006.",El secreto de sus ojos,(2009),R,129 min,8.2,80        
"1,007.",[Rec],(2007),A,78 min,7.4,71        
"1,008.",Resident Evil: Afterlife,(2010),UA,96 min,5.8,37        
"1,009.",The Abyss,(1989),U,140 min,7.5,62        
"1,010.",Anchorman 2: The Legend Continues,(2013),PG-13,119 min,6.3,61        
"1,011.",Adventureland,(2009),UA,107 min,6.8,76        
"1,012.",Talladega Nights: The Ballad of Ricky Bobby,(2006),PG-13,108 min,6.6,66        
"1,013.",Once Upon a Time in Mexico,(2003),UA,102 min,6.3,56        
"1,014.",Night at the Museum: Battle of the Smithsonian,(2009),U,105 min,6,42        
"1,015.",Shoot 'Em Up,(2007),A,86 min,6.6,49        
"1,016.",The Longest Yard,(2005),UA,113 min,6.4,48        
"1,017.",Blades of Glory,(2007),U,93 min,6.3,64        
"1,018.",The Hills Have Eyes,(2006),A,107 min,6.4,52        
"1,019.",Wild Wild West,(1999),A,106 min,4.9,40        
"1,020.",The Man from Earth,(2007),87 min,87 min,7.8,
"1,021.",The Intern,(I) (2015),UA,121 min,7.1,51        
"1,022.",Army of Darkness,(1992),A,81 min,7.4,59        
"1,023.",Abraham Lincoln: Vampire Hunter,(2012),A,105 min,5.9,42        
"1,024.",The Birds,(1963),A,119 min,7.6,90        
"1,025.",Melancholia,(2011),U,135 min,7.1,81        
"1,026.",Jay and Silent Bob Strike Back,(2001),U,104 min,6.8,51        
"1,027.",Exodus: Gods and Kings,(2014),UA,150 min,6,52        
"1,028.",The Iron Giant,(1999),U,86 min,8.1,85        
"1,029.",Willy Wonka & the Chocolate Factory,(1971),U,100 min,7.8,67        
"1,030.",The Emperor's New Groove,(2000),U,78 min,7.4,70        
"1,031.",Lethal Weapon 3,(1992),UA,118 min,6.7,40        
"1,032.","Definitely, Maybe",(2008),UA,112 min,7.1,59        
"1,033.",Tomorrowland,(2015),PG,130 min,6.4,60        
"1,034.",Tucker and Dale vs Evil,(2010),R,89 min,7.5,65        
"1,035.",Vantage Point,(2008),A,90 min,6.6,40        
"1,036.",Date Night,(2010),A,88 min,6.3,56        
"1,037.",Lethal Weapon 4,(1998),A,127 min,6.6,39        
"1,038.",Lethal Weapon 2,(1989),A,114 min,7.3,70        
"1,039.",Cape Fear,(1991),R,128 min,7.3,73        
"1,040.",Over the Hedge,(2006),U,83 min,6.7,67        
"1,041.",The Expendables 3,(2014),UA,126 min,6.1,35        
"1,042.",Flightplan,(2005),U,98 min,6.3,53        
"1,043.",The Karate Kid,(1984),U,126 min,7.3,60        
"1,044.",The Imaginarium of Doctor Parnassus,(2009),PG-13,123 min,6.8,65        
"1,045.",Beverly Hills Cop,(1984),A,105 min,7.4,66        
"1,046.",Superman,(1978),U,143 min,7.4,82        
"1,047.",Transporter 3,(2008),UA,104 min,6.1,51        
"1,048.",Carrie,(1976),A,98 min,7.4,86        
"1,049.","Girl, Interrupted",(1999),UA,127 min,7.3,51        
"1,050.",Man on a Ledge,(2012),UA,102 min,6.6,40        
"1,051.",The Man in the Iron Mask,(I) (1998),A,132 min,6.5,49        
"1,052.",Riddick,(2013),A,119 min,6.4,49        
"1,053.",The Lovely Bones,(2009),UA,135 min,6.6,42        
"1,054.",Next,(2007),UA,96 min,6.2,42        
"1,055.",Scream 2,(1997),UA,120 min,6.3,62        
"1,056.",RED 2,(2013),UA,116 min,6.6,47        
"1,057.",Evil Dead,(2013),A,91 min,6.5,57        
"1,058.",From Hell,(2001),A,122 min,6.7,54        
"1,059.",Antz,(1998),U,83 min,6.5,73        
"1,060.",27 Dresses,(2008),UA,111 min,6.1,47        
"1,061.",Demolition Man,(1993),A,115 min,6.7,34        
"1,062.",The Punisher,(2004),A,124 min,6.4,33        
"1,063.",The Sorcerer's Apprentice,(2010),PG,109 min,6.1,46        
"1,064.",Invictus,(2009),UA,134 min,7.3,74        
"1,065.",Analyze This,(1999),A,103 min,6.7,60        
"1,066.",Galaxy Quest,(1999),PG,102 min,7.4,70        
"1,067.",Rise of the Guardians,(2012),U,97 min,7.2,58        
"1,068.",Rocky III,(1982),U,99 min,6.8,57        
"1,069.",The Jungle Book,(1967),U,78 min,7.6,65        
"1,070.",Clueless,(1995),U,97 min,6.9,71        
"1,071.",Mr. Brooks,(2007),R,120 min,7.3,45        
"1,072.",Breakfast at Tiffany's,(1961),A,115 min,7.6,77        
"1,073.",Sleepless in Seattle,(1993),U,105 min,6.8,72        
"1,074.",The Cable Guy,(1996),UA,96 min,6.1,56        
"1,075.",13 Going on 30,(2004),UA,98 min,6.3,57        
"1,076.",10 Cloverfield Lane,(2016),A,103 min,7.2,76        
"1,077.",I Am Sam,(2001),U,132 min,7.6,28        
"1,078.",Rounders,(1998),U,121 min,7.3,53        
"1,079.",Pandorum,(2009),R,108 min,6.7,28        
"1,080.",Spy Game,(2001),UA,126 min,7.1,63        
"1,081.",Smokin' Aces,(2006),R,109 min,6.6,45        
"1,082.",Rush Hour 3,(2007),UA,91 min,6.2,44        
"1,083.",Starsky & Hutch,(2004),UA,101 min,6.1,55        
"1,084.",Paths of Glory,(1957),A,88 min,8.4,90        
"1,085.",The Polar Express,(2004),U,100 min,6.6,61        
"1,086.",Final Destination 2,(2003),UA,90 min,6.2,38        
"1,087.",Event Horizon,(1997),A,96 min,6.6,35        
"1,088.",El orfanato,(2007),R,105 min,7.4,74        
"1,089.",The Bone Collector,(1999),A,118 min,6.7,45        
"1,090.",Coming to America,(1988),UA,117 min,7.1,47        
"1,091.",Cool Hand Luke,(1967),A,127 min,8.1,92        
"1,092.",Underworld: Rise of the Lycans,(2009),A,92 min,6.5,44        
"1,093.",S.W.A.T.,(2003),PG-13,117 min,6.1,45        
"1,094.",Dazed and Confused,(1993),U,103 min,7.6,82        
"1,095.",The Karate Kid,(2010),U,140 min,6.2,61        
"1,096.",Brüno,(2009),A,81 min,5.9,54        
"1,097.",I Now Pronounce You Chuck & Larry,(2007),UA,115 min,5.9,37        
"1,098.",Scary Movie 2,(2001),15+,83 min,5.3,29        
"1,099.",Pocahontas,(I) (1995),U,81 min,6.7,59        
"1,100.",The Waterboy,(1998),U,90 min,6.1,41        
"1,101.",Memoirs of a Geisha,(2005),UA,145 min,7.3,54        
"1,102.",Wall Street,(1987),A,126 min,7.3,56        
"1,103.",Madagascar 3: Europe's Most Wanted,(2012),U,95 min,6.8,60        
"1,104.",Mary and Max.,(2009),U,92 min,8.1,
"1,105.",The Last Airbender,(2010),U,103 min,4,20        
"1,106.",Buried,(2010),U,95 min,7,65        
"1,107.",Cold Mountain,(2003),A,154 min,7.2,73        
"1,108.",The Fly,(1986),A,96 min,7.6,81        
"1,109.",Straight Outta Compton,(2015),R,147 min,7.8,72        
"1,110.",Hooligans,(2005),A,109 min,7.4,55        
"1,111.",The Mummy: Tomb of the Dragon Emperor,(2008),UA,112 min,5.2,31        
"1,112.",The Mechanic,(2011),A,93 min,6.5,49        
"1,113.",Saving Mr. Banks,(2013),U,125 min,7.5,65        
"1,114.",Rambo: First Blood Part II,(1985),96 min,96 min,6.5,47        
"1,115.",Underworld: Awakening,(2012),A,88 min,6.3,39        
"1,116.",Lilo & Stitch,(2002),U,85 min,7.3,74        
"1,117.",47 Ronin,(2013),UA,128 min,6.2,28        
"1,118.",The Virgin Suicides,(1999),R,97 min,7.2,77        
"1,119.",Ted 2,(2015),A,115 min,6.3,48        
"1,120.",She's the Man,(2006),U,105 min,6.4,45        
"1,121.","Dude, Where's My Car?",(2000),A,83 min,5.5,30        
"1,122.",Marley & Me,(2008),UA,111 min,7,53        
"1,123.",Dr. No,(1962),A,110 min,7.2,78        
"1,124.",Defiance,(I) (2008),R,137 min,7.1,58        
"1,125.",War Horse,(2011),U,146 min,7.2,72        
"1,126.",Snakes on a Plane,(2006),A,105 min,5.5,58        
"1,127.",The Way Way Back,(2013),PG-13,103 min,7.4,68        
"1,128.",Hercules,(I) (2014),U,98 min,6,47        
"1,129.",Evan Almighty,(2007),U,96 min,5.4,37        
"1,130.",The Grudge,(2004),UA,91 min,5.9,49        
"1,131.",The Time Traveler's Wife,(2009),A,107 min,7.1,47        
"1,132.",Clerks II,(2006),R,97 min,7.3,65        
"1,133.",Lars and the Real Girl,(2007),PG-13,106 min,7.3,70        
"1,134.",The Naked Gun: From the Files of Police Squad!,(1988),U,85 min,7.6,76        
"1,135.",Johnny English,(2003),U,89 min,6.2,51        
"1,136.",Wayne's World,(1992),U,94 min,7,57        
"1,137.",Good Bye Lenin!,(2003),R,121 min,7.7,68        
"1,138.",Monsters vs. Aliens,(2009),U,94 min,6.4,56        
"1,139.",The Lake House,(2006),PG,99 min,6.8,52        
"1,140.",Puss in Boots,(2011),U,90 min,6.6,65        
"1,141.",The Last Stand,(2013),A,107 min,6.3,54        
"1,142.",Chasing Amy,(1997),R,113 min,7.2,71        
"1,143.",Dirty Harry,(1971),A,102 min,7.7,87        
"1,144.",Black Mass,(2015),A,123 min,6.9,68        
"1,145.",Harold & Kumar Escape from Guantanamo Bay,(2008),A,114 min,6.5,57        
"1,146.",Remember Me,(I) (2010),16,113 min,7.1,40        
"1,147.",Horrible Bosses 2,(2014),A,108 min,6.3,40        
"1,148.",The Third Man,(1949),U,104 min,8.1,97        
"1,149.",Gamer,(2009),A,95 min,5.7,27        
"1,150.",JFK,(1991),UA,189 min,8,72        
"1,151.",State of Play,(2009),UA,127 min,7.1,64        
"1,152.",Evil Dead II,(1987),A,84 min,7.7,72        
"1,153.",The Recruit,(2003),A,115 min,6.6,56        
"1,154.",Conan the Barbarian,(1982),A,129 min,6.9,43        
"1,155.",The Maltese Falcon,(1941),100 min,100 min,8,97        
"1,156.",The Last of the Mohicans,(1992),UA,112 min,7.7,76        
"1,157.",Point Break,(1991),A,122 min,7.3,59        
"1,158.",16 Blocks,(2006),UA,102 min,6.6,63        
"1,159.",Young Frankenstein,(1974),A,106 min,8,83        
"1,160.",One Hundred and One Dalmatians,(1961),U,79 min,7.3,83        
"1,161.",The Running Man,(1987),A,101 min,6.6,45        
"1,162.",The Babadook,(2014),A,94 min,6.8,86        
"1,163.",Crank: High Voltage,(2009),R,96 min,6.1,41        
"1,164.",An Education,(2009),PG-13,100 min,7.3,85        
"1,165.",Legends of the Fall,(1994),A,133 min,7.5,45        
"1,166.",Space Jam,(1996),U,88 min,6.5,57        
"1,167.",It Follows,(2014),18,100 min,6.8,83        
"1,168.",Det sjunde inseglet,(1957),A,96 min,8.1,88        
"1,169.",Metropolis,(1927),153 min,153 min,8.3,98        
"1,170.",Winter's Bone,(2010),R,100 min,7.1,90        
"1,171.",Killing Them Softly,(2012),A,97 min,6.2,64        
"1,172.",Scary Movie 3,(2003),UA,84 min,5.5,49        
"1,173.",Payback,(I) (1999),A,100 min,7.1,46        
"1,174.",Commando,(1985),A,90 min,6.7,51        
"1,175.",The Constant Gardener,(2005),U,129 min,7.4,82        
"1,176.",9,(I) (2009),PG-13,79 min,7,60        
"1,177.",Saw IV,(2007),R,93 min,5.9,36        
"1,178.",We Bought a Zoo,(2011),PG,124 min,7,58        
"1,179.",Fun with Dick and Jane,(2005),UA,90 min,6.2,47        
"1,180.",Æon Flux,(2005),UA,93 min,5.4,36        
"1,181.",The Kids Are All Right,(2010),R,106 min,7,86        
"1,182.",Sin City: A Dame to Kill For,(2014),A,102 min,6.5,46        
"1,183.",Mr. Deeds,(2002),U,96 min,5.8,24        
"1,184.",Ray,(I) (2004),A,152 min,7.7,73        
"1,185.",Bridge to Terabithia,(2007),U,96 min,7.2,74        
"1,186.",Green Zone,(2010),A,115 min,6.8,63        
"1,187.",Tower Heist,(2011),A,104 min,6.2,59        
"1,188.",Four Brothers,(2005),UA,109 min,6.8,49        
"1,189.",Never Let Me Go,(2010),R,103 min,7.1,69        
"1,190.",Punch-Drunk Love,(2002),R,95 min,7.3,78        
"1,191.",Fantastic Four,(2015),UA,100 min,4.3,27        
"1,192.",The Wedding Singer,(1998),PG-13,97 min,6.9,60        
"1,193.",The Men Who Stare at Goats,(2009),R,94 min,6.2,54        
"1,194.",In the Name of the Father,(1993),UA,133 min,8.1,84        
"1,195.",Shallow Hal,(2001),UA,114 min,6,48        
"1,196.",Syriana,(2005),UA,128 min,6.9,76        
"1,197.",The Apartment,(1960),U,125 min,8.3,94        
"1,198.","10,000 BC",(2008),UA,109 min,5.1,34        
"1,199.",Insidious: Chapter 2,(2013),A,106 min,6.5,40        
"1,200.",Magic Mike,(2012),R,110 min,6.1,72        
"1,201.",Spring Breakers,(2012),R,94 min,5.3,63        
"1,202.",The Texas Chainsaw Massacre,(2003),A,98 min,6.2,38        
"1,203.",A Fish Called Wanda,(1988),UA,108 min,7.5,80        
"1,204.",Carrie,(2013),A,100 min,5.8,53        
"1,205.",Eragon,(2006),U,104 min,5.1,38        
"1,206.",City Lights,(1931),G,87 min,8.5,99        
"1,207.",Idiocracy,(2006),R,84 min,6.5,66        
"1,208.",Four Weddings and a Funeral,(1994),A,117 min,7.1,81        
"1,209.",Max Payne,(2008),A,100 min,5.3,31        
"1,210.",Reign of Fire,(2002),UA,101 min,6.2,39        
"1,211.",Kindergarten Cop,(1990),U,111 min,6.2,61        
"1,212.",Bad Santa,(2003),R,92 min,7.1,70        
"1,213.",Grown Ups 2,(2013),A,101 min,5.4,19        
"1,214.",About Schmidt,(2002),U,125 min,7.2,85        
"1,215.",Dogville,(2003),7,178 min,8,61        
"1,216.",Mary Poppins,(1964),U,139 min,7.8,88        
"1,217.",The Negotiator,(1998),R,140 min,7.3,62        
"1,218.",The Mortal Instruments: City of Bones,(2013),A,130 min,5.8,33        
"1,219.",Along Came Polly,(2004),UA,90 min,6,44        
"1,220.",The Campaign,(2012),A,85 min,6.1,50        
"1,221.","Honey, I Shrunk the Kids",(1989),U,93 min,6.4,63        
"1,222.",Last Vegas,(2013),A,105 min,6.6,48        
"1,223.",Let's Be Cops,(2014),R,104 min,6.4,30        
"1,224.",Last Action Hero,(1993),U,130 min,6.5,44        
"1,225.",Foxcatcher,(2014),R,134 min,7,81        
"1,226.",Jack the Giant Slayer,(2013),UA,114 min,6.3,51        
"1,227.",Horton Hears a Who!,(2008),U,86 min,6.8,71        
"1,228.",Dial M for Murder,(1954),A,105 min,8.2,75        
"1,229.",The Chronicles of Narnia: The Voyage of the Dawn Treader,(2010),U,113 min,6.3,53        
"1,230.",Akira,(1988),Not Rated,124 min,8,68        
"1,231.",It's Kind of a Funny Story,(2010),16,101 min,7.1,63        
"1,232.",National Lampoon's Christmas Vacation,(1989),U,97 min,7.5,49        
"1,233.",Matchstick Men,(2003),A,116 min,7.3,61        
"1,234.",One Day,(2011),A,107 min,7,48        
"1,235.",The Drop,(2014),R,106 min,7,69        
"1,236.",Daybreakers,(2009),R,98 min,6.4,57        
"1,237.",Bee Movie,(2007),U,91 min,6.1,54        
"1,238.",Killer Elite,(2011),R,116 min,6.4,44        
"1,239.",Monster,(2003),A,109 min,7.3,74        
"1,240.",I Know What You Did Last Summer,(1997),A,101 min,5.8,52        
"1,241.",Accepted,(2006),U,93 min,6.4,47        
"1,242.",Poltergeist,(1982),A,114 min,7.3,79        
"1,243.",Predator 2,(1990),R,108 min,6.3,46        
"1,244.",The Spectacular Now,(2013),A,95 min,7,82        
"1,245.",Billy Madison,(1995),U,89 min,6.3,16        
"1,246.",This Is Spinal Tap,(1984),82 min,82 min,7.9,92        
"1,247.",The Master,(2012),A,138 min,7.1,86        
"1,248.",A Christmas Story,(1983),U,93 min,7.9,77        
"1,249.",The Count of Monte Cristo,(2002),UA,131 min,7.7,61        
"1,250.",Resident Evil: Retribution,(2012),A,95 min,5.3,39        
"1,251.",8MM,(1999),R,123 min,6.6,21        
"1,252.",Savages,(I) (2012),A,131 min,6.4,59        
"1,253.",Manhattan,(1979),96 min,96 min,7.8,83        
"1,254.",The Other Woman,(2014),A,109 min,6,39        
"1,255.",Cinderella,(1950),G,74 min,7.3,85        
"1,256.",Dear John,(I) (2010),U,108 min,6.3,43        
"1,257.",Scream 4,(2011),A,111 min,6.2,52        
"1,258.",Devil,(2010),UA,80 min,6.3,44        
"1,259.",The Watch,(I) (2012),R,102 min,5.7,36        
"1,260.",This Is 40,(2012),A,134 min,6.2,59        
"1,261.",Miller's Crossing,(1990),115 min,115 min,7.7,66        
"1,262.",The Time Machine,(2002),U,96 min,6,42        
"1,263.",Pleasantville,(1998),UA,124 min,7.5,71        
"1,264.",Warcraft,(2016),UA,123 min,6.7,32        
"1,265.",Cinderella,(I) (2015),U,105 min,6.9,67        
"1,266.",Network,(1976),UA,121 min,8.1,83        
"1,267.",La haine,(1995),Not Rated,98 min,8.1,
"1,268.",Hall Pass,(2011),UA,105 min,5.9,45        
"1,269.",Unbroken,(I) (2014),18,137 min,7.2,59        
"1,270.",We Were Soldiers,(2002),UA,138 min,7.2,65        
"1,271.",Robots,(2005),U,91 min,6.4,64        
"1,272.",Trading Places,(1983),U,116 min,7.5,69        
"1,273.",The Hunchback of Notre Dame,(1996),U,91 min,7,74        
"1,274.",J. Edgar,(2011),A,137 min,6.5,59        
"1,275.",Final Destination 3,(2006),A,93 min,5.8,43        
"1,276.",Lara Croft: Tomb Raider - The Cradle of Life,(2003),UA,117 min,5.5,43        
"1,277.",The Rocky Horror Picture Show,(1975),UA,100 min,7.4,65        
"1,278.",Rashômon,(1950),U,88 min,8.2,98        
"1,279.",Evolution,(2001),UA,101 min,6.1,40        
"1,280.",Australia,(2008),UA,165 min,6.6,53        
"1,281.",The Break-Up,(2006),UA,106 min,5.8,46        
"1,282.",The Hours,(2002),PG-13,110 min,7.5,80        
"1,283.",The Monuments Men,(2014),U,118 min,6.1,52        
"1,284.",A Serious Man,(2009),R,106 min,7,88        
"1,285.",Contraband,(2012),A,109 min,6.4,51        
"1,286.",The Scorpion King,(2002),A,92 min,5.5,45        
"1,287.",My Big Fat Greek Wedding,(2002),U,95 min,6.6,62        
"1,288.",Glory,(1989),U,122 min,7.8,78        
"1,289.",The Score,(2001),UA,124 min,6.8,71        
"1,290.",Hollow Man,(2000),A,112 min,5.8,24        
"1,291.",She's Out of My League,(2010),UA 13+,104 min,6.4,46        
"1,292.",Mad Max Beyond Thunderdome,(1985),U,107 min,6.2,71        
"1,293.",The 13th Warrior,(1999),U,102 min,6.6,42        
"1,294.",The Kingdom,(2007),A,110 min,7,56        
"1,295.",La piel que habito,(2011),R,120 min,7.6,70        
"1,296.",Barry Lyndon,(1975),U,185 min,8.1,89        
"1,297.",Safety Not Guaranteed,(2012),R,86 min,6.9,72        
"1,298.",Flags of Our Fathers,(2006),U,135 min,7.1,79        
"1,299.",Thelma & Louise,(1991),UA,130 min,7.6,89        
"1,300.",Into the Woods,(2014),PG,125 min,5.9,69        
"1,301.",Cars 2,(2011),U,106 min,6.2,57        
"1,302.",Funny People,(2009),R,146 min,6.3,60        
"1,303.",Charlie's Angels: Full Throttle,(2003),A,106 min,4.9,48        
"1,304.",Man on the Moon,(1999),R,118 min,7.4,58        
"1,305.",On the Waterfront,(1954),A,108 min,8.1,91        
"1,306.",Raising Arizona,(1987),U,94 min,7.3,69        
"1,307.",Roman Holiday,(1953),U,118 min,8,78        
"1,308.",Capote,(2005),UA,114 min,7.3,88        
"1,309.",Sleeping Beauty,(1959),U,75 min,7.2,85        
"1,310.",The 6th Day,(2000),U,123 min,5.9,49        
"1,311.",Wild Hogs,(2007),PG-13,100 min,5.8,27        
"1,312.",The NeverEnding Story,(1984),U,102 min,7.3,46        
"1,313.",A Time to Kill,(1996),UA,149 min,7.5,53        
"1,314.",Kung fu,(2004),UA,99 min,7.7,78        
"1,315.",Doubt,(I) (2008),PG-13,104 min,7.5,68        
"1,316.",Sex and the City,(2008),UA,145 min,5.7,53        
"1,317.",This Is England,(2006),A,101 min,7.7,86        
"1,318.",Tenkuu no Shiro Laputa,(1986),U,125 min,8,78        
"1,319.",Begin Again,(II) (2013),A,104 min,7.4,62        
"1,320.",Mallrats,(1995),A,94 min,7,41        
"1,321.",Deep Blue Sea,(1999),A,105 min,5.9,54        
"1,322.",M - Eine Stadt sucht einen Mörder,(1931),117 min,117 min,8.3,
"1,323.",Jack Ryan: Shadow Recruit,(2014),UA,105 min,6.2,57        
"1,324.",Ransom,(1996),UA,121 min,6.7,61        
"1,325.",John Q,(2002),UA,116 min,7.1,30        
"1,326.",White Chicks,(2004),A,109 min,5.8,41        
"1,327.",Hairspray,(2007),U,117 min,6.7,81        
"1,328.",The Book Thief,(2013),PG-13,131 min,7.5,53        
"1,329.",Highlander,(1986),R,116 min,7,24        
"1,330.",Scream 3,(2000),UA,116 min,5.6,56        
"1,331.",The Brothers Grimm,(2005),PG-13,118 min,5.9,51        
"1,332.",What Lies Beneath,(2000),A,130 min,6.6,51        
"1,333.",Billy Elliot,(2000),UA,110 min,7.7,74        
"1,334.","Good Morning, Vietnam",(1987),U,121 min,7.3,67        
"1,335.",The Curse of the Were-Rabbit,(2005),U,85 min,7.5,87        
"1,336.",My Best Friend's Wedding,(1997),UA,105 min,6.3,51        
"1,337.",Lost Highway,(1997),A,134 min,7.6,53        
"1,338.",One Hour Photo,(2002),R,96 min,6.8,64        
"1,339.",Spartacus,(1960),A,197 min,7.9,87        
"1,340.",A Bronx Tale,(1993),R,121 min,7.8,80        
"1,341.",From Paris with Love,(2010),R,92 min,6.4,42        
"1,342.",Kramer vs. Kramer,(1979),U,105 min,7.8,77        
"1,343.",Star Trek: First Contact,(1996),PG-13,111 min,7.6,70        
"1,344.",Double Indemnity,(1944),107 min,107 min,8.3,95        
"1,345.",Identity Thief,(2013),UA,111 min,5.7,35        
"1,346.",Pitch Perfect 2,(2015),UA,115 min,6.4,63        
"1,347.",Dune,(1984),U,137 min,6.3,41        
"1,348.",Any Given Sunday,(1999),A,162 min,6.9,52        
"1,349.",Priest,(2011),PG-13,87 min,5.7,41        
"1,350.",Papillon,(1973),R,151 min,8,58        
"1,351.",Dumb and Dumber To,(2014),UA,109 min,5.6,36        
"1,352.",The Phantom of the Opera,(2004),UA,143 min,7.2,40        
"1,353.",Shanghai Noon,(2000),UA,110 min,6.6,77        
"1,354.",Freaky Friday,(2003),U,97 min,6.3,70        
"1,355.",The Addams Family,(1991),UA,99 min,6.9,57        
"1,356.",The Exorcism of Emily Rose,(2005),A,119 min,6.7,46        
"1,357.",The Bounty Hunter,(I) (2010),A,110 min,5.5,22        
"1,358.",The Jungle Book,(2016),UA,106 min,7.4,77        
"1,359.",Carnage,(2011),R,80 min,7.1,61        
"1,360.",Seven Years in Tibet,(1997),U,136 min,7.1,55        
"1,361.",The Texas Chain Saw Massacre,(1974),A,83 min,7.4,90        
"1,362.",Strangers on a Train,(1951),A,101 min,7.9,88        
"1,363.",Ghost World,(2001),R,111 min,7.3,90        
"1,364.",Kaze no Tani no Nausicaä,(1984),U,117 min,8,86        
"1,365.",Alice in Wonderland,(1951),75 min,75 min,7.3,68        
"1,366.",Cliffhanger,(1993),A,113 min,6.5,59        
"1,367.",Inside Llewyn Davis,(2013),R,104 min,7.4,93        
"1,368.",Pay It Forward,(2000),UA,123 min,7.2,40        
"1,369.",Rope,(1948),A,80 min,7.9,73        
"1,370.",Valentine's Day,(I) (2010),U,125 min,5.7,34        
"1,371.",Water for Elephants,(2011),A,122 min,6.9,52        
"1,372.",Life as We Know It,(2010),UA,115 min,6.5,39        
"1,373.",We Need to Talk About Kevin,(2011),R,112 min,7.5,68        
"1,374.",Premium Rush,(2012),UA,91 min,6.5,66        
"1,375.",Blazing Saddles,(1974),A,93 min,7.7,73        
"1,376.",The Thing,(I) (2011),A,103 min,6.2,49        
"1,377.",Tombstone,(1993),UA,130 min,7.8,50        
"1,378.",Before Midnight,(2013),R,109 min,7.9,94        
"1,379.",Labyrinth,(1986),Not Rated,101 min,7.3,50        
"1,380.",Street Kings,(2008),R,109 min,6.8,55        
"1,381.",Babe,(1995),U,91 min,6.9,83        
"1,382.",City of Angels,(1998),A,114 min,6.7,54        
"1,383.",House of Wax,(2005),18,113 min,5.5,41        
"1,384.",Ladri di biciclette,(1948),U,89 min,8.3,
"1,385.",The Invention of Lying,(2009),PG-13,100 min,6.4,58        
"1,386.",Tron,(1982),U,96 min,6.7,58        
"1,387.",Red Eye,(2005),U,85 min,6.5,71        
"1,388.",Bambi,(1942),U,69 min,7.3,91        
"1,389.",Stuart Little,(1999),U,84 min,6,61        
"1,390.",Boyz n the Hood,(1991),A,112 min,7.8,76        
"1,391.",Leaving Las Vegas,(1995),A,111 min,7.5,82        
"1,392.",Enemy,(2013),15+,91 min,6.9,61        
"1,393.",Hostage,(2005),A,113 min,6.5,44        
"1,394.",The Princess Diaries,(2001),U,115 min,6.4,52        
"1,395.",Scary Movie 4,(2006),A,83 min,5.1,40        
"1,396.",Trainwreck,(2015),R,125 min,6.2,75        
"1,397.",Tears of the Sun,(2003),A,121 min,6.6,48        
"1,398.",Rat Race,(2001),PG-13,112 min,6.5,52        
"1,399.",The Crazies,(2010),18,101 min,6.5,56        
"1,400.",The Age of Adaline,(2015),13,112 min,7.2,51        
"1,401.",Miami Vice,(2006),R,132 min,6.1,66        
"1,402.",The Jacket,(2005),A,103 min,7.1,44        
"1,403.",The Lost Boys,(1987),UA,97 min,7.2,63        
"1,404.",Little Children,(2006),All,137 min,7.5,75        
"1,405.",AVPR: Aliens vs Predator - Requiem,(2007),R,94 min,4.6,29        
"1,406.",Jennifer's Body,(2009),A,102 min,5.5,47        
"1,407.",Steve Jobs,(2015),A,122 min,7.2,82        
"1,408.",Trance,(I) (2013),R,101 min,6.9,61        
"1,409.",Awakenings,(1990),U,121 min,7.8,74        
"1,410.",Coach Carter,(2005),PG-13,136 min,7.3,57        
"1,411.",Margin Call,(2011),18,107 min,7.1,76        
"1,412.",The Host,(2013),A,125 min,5.8,35        
"1,413.",Rocky V,(1990),UA,104 min,5.3,55        
"1,414.",Big Trouble in Little China,(1986),UA,99 min,7.2,53        
"1,415.",Shi mian mai fu,(2004),UA,119 min,7.5,89        
"1,416.",Let Me In,(I) (2010),UA,116 min,7.1,79        
"1,417.",La vie d'Adèle,(2013),A,180 min,7.7,90        
"1,418.",The Faculty,(1998),UA,104 min,6.6,61        
"1,419.",Rambo III,(1988),A,102 min,5.8,36        
"1,420.",The Strangers,(2008),R,86 min,6.1,47        
"1,421.",Across the Universe,(2007),PG-13,133 min,7.3,56        
"1,422.",Mou gaan dou,(2002),UA,101 min,8,75        
"1,423.",R.I.P.D.,(2013),A,96 min,5.6,25        
"1,424.",Y tu mamá también,(2001),A,106 min,7.7,89        
"1,425.",The Purge: Anarchy,(2014),R,103 min,6.4,50        
"1,426.",Outbreak,(1995),U,127 min,6.6,64        
"1,427.",Red Riding Hood,(2011),PG-13,100 min,5.4,29        
"1,428.",Star Trek II: The Wrath of Khan,(1982),U,113 min,7.7,68        
"1,429.",Something's Gotta Give,(2003),PG-13,128 min,6.7,66        
"1,430.",The Prince of Egypt,(1998),UA,99 min,7.2,64        
"1,431.",Nebraska,(2013),UA,115 min,7.7,86        
"1,432.",Pirate Radio,(2009),R,135 min,7.3,58        
"1,433.",Push,(2009),PG-13,111 min,6.1,36        
"1,434.",Robin Hood: Men in Tights,(1993),U,104 min,6.7,44        
"1,435.",Step Up,(2006),U,104 min,6.5,48        
"1,436.",Escape from New York,(1981),UA,99 min,7.1,76        
"1,437.",Wild Things,(1998),R,108 min,6.6,51        
"1,438.",Once,(I) (2007),R,86 min,7.8,90        
"1,439.",Locke,(2013),R,85 min,7.1,83        
"1,440.",Coyote Ugly,(2000),UA,100 min,5.7,27        
"1,441.",The Whole Nine Yards,(2000),A,98 min,6.7,47        
"1,442.",Pinocchio,(1940),7,88 min,7.5,99        
"1,443.",National Lampoon's Animal House,(1978),A,109 min,7.4,79        
"1,444.","Planes, Trains & Automobiles",(1987),U,93 min,7.6,72        
"1,445.",Parker,(2013),A,118 min,6.2,42        
"1,446.",Tremors,(1990),96 min,96 min,7.2,65        
"1,447.",Le scaphandre et le papillon,(2007),PG-13,112 min,8,92        
"1,448.",The Bodyguard,(1992),UA,129 min,6.4,39        
"1,449.",Paycheck,(2003),UA,119 min,6.3,43        
"1,450.",Empire of the Sun,(1987),U,153 min,7.7,62        
"1,451.",Dawn of the Dead,(1978),A,127 min,7.8,71        
"1,452.",Epic Movie,(2007),U,86 min,2.4,17        
"1,453.",Bend It Like Beckham,(2002),U,112 min,6.7,66        
"1,454.",Death at a Funeral,(2007),R,90 min,7.3,67        
"1,455.",Gothika,(2003),A,98 min,5.8,38        
"1,456.",Johnny English Reborn,(2011),UA,101 min,6.3,46        
"1,457.",End of Days,(1999),R,122 min,5.8,34        
"1,458.",The Wolfman,(2010),UA 13+,103 min,5.8,43        
"1,459.",Men of Honor,(2000),UA,129 min,7.2,56        
"1,460.",A Scanner Darkly,(2006),R,100 min,7,73        
"1,461.",From Russia with Love,(1963),A,115 min,7.3,83        
"1,462.",The Princess and the Frog,(2009),97 min,97 min,7.1,73        
"1,463.",Pixels,(2015),PG-13,105 min,5.6,27        
"1,464.",National Lampoon's Van Wilder,(2002),A,92 min,6.4,26        
"1,465.",Freddy vs. Jason,(2003),A,97 min,5.7,37        
"1,466.",Relatos salvajes,(2014),18,122 min,8.1,77        
"1,467.",The Firm,(1993),UA,154 min,6.9,58        
"1,468.",Frost/Nixon,(2008),U,122 min,7.7,80        
"1,469.",The Fall,(I) (2006),R,117 min,7.8,64        
"1,470.",Running Scared,(2006),R,122 min,7.3,41        
"1,471.",Mr. Bean's Holiday,(2007),U,90 min,6.4,56        
"1,472.",The Three Musketeers,(2011),UA,110 min,5.7,35        
"1,473.",Meet the Spartans,(2008),18,87 min,2.8,9        
"1,474.",Saw V,(2008),R,92 min,5.8,20        
"1,475.",Barton Fink,(1991),A,116 min,7.6,69        
"1,476.",Charlie Wilson's War,(2007),UA,102 min,7,67        
"1,477.",The Jackal,(1997),A,124 min,6.4,36        
"1,478.",The Life of David Gale,(2003),A,130 min,7.5,31        
"1,479.",Judge Dredd,(1995),R,96 min,5.6,
"1,480.",The Call,(II) (2013),A,96 min,6.7,51        
"1,481.",Antichrist,(2009),A,108 min,6.5,49        
"1,482.",Doom,(2005),UA,105 min,5.2,34        
"1,483.",Entrapment,(1999),U,113 min,6.3,54        
"1,484.",The Forbidden Kingdom,(2008),U,104 min,6.5,57        
"1,485.",Halloween,(2007),A,109 min,6,47        
"1,486.",Brothers,(I) (2009),UA,105 min,7.1,58        
"1,487.",The Family,(I) (2013),A,111 min,6.3,42        
"1,488.",Alpha Dog,(2006),R,122 min,6.9,53        
"1,489.",Night of the Living Dead,(1968),A,96 min,7.8,89        
"1,490.",A Walk Among the Tombstones,(2014),A,114 min,6.5,57        
"1,491.",Repo Men,(2010),UA,111 min,6.3,32        
"1,492.",Bicentennial Man,(1999),UA,132 min,6.9,42        
"1,493.",Where the Wild Things Are,(2009),U,101 min,6.7,71        
"1,494.",Police Academy,(1984),A,96 min,6.7,41        
"1,495.",Matilda,(1996),UA,98 min,7,72        
"1,496.",Ghost Rider: Spirit of Vengeance,(2011),UA,96 min,4.3,34        
"1,497.",The Butler,(I) (2013),A,132 min,7.2,65        
"1,498.",Peter Pan,(1953),U,77 min,7.3,76        
"1,499.",Wrong Turn,(I) (2003),A,84 min,6.1,32        
"1,500.",Twins,(1988),U,107 min,6.2,50        
"1,501.",Catwoman,(2004),U,104 min,3.4,27        
"1,502.",The Skeleton Key,(2005),PG-13,104 min,6.5,47        
"1,503.",The Mexican,(2001),R,123 min,6.1,43        
"1,504.",August Rush,(2007),U,114 min,7.4,38        
"1,505.",Rebecca,(1940),130 min,130 min,8.1,86        
"1,506.",Irréversible,(2002),A,97 min,7.3,51        
"1,507.",Seeking a Friend for the End of the World,(2012),R,101 min,6.7,59        
"1,508.",The Way Back,(I) (2010),A,133 min,7.3,66        
"1,509.",Escape from Alcatraz,(1979),U,112 min,7.6,76        
"1,510.",Blended,(2014),UA,117 min,6.5,31        
"1,511.",The Good Shepherd,(2006),R,167 min,6.7,61        
"1,512.",Behind Enemy Lines,(2001),UA,106 min,6.4,49        
"1,513.",Precious,(II) (2009),R,110 min,7.3,78        
"1,514.",Jeepers Creepers,(2001),A,90 min,6.2,49        
"1,515.",Legend,(I) (2015),A,132 min,6.9,55        
"1,516.",Field of Dreams,(1989),U,107 min,7.5,57        
"1,517.",The Parent Trap,(1998),U,128 min,6.6,63        
"1,518.",The Rum Diary,(2011),A,119 min,6.1,56        
"1,519.",Percy Jackson: Sea of Monsters,(2013),UA,106 min,5.7,39        
"1,520.",The Nutty Professor,(1996),A,95 min,5.7,64        
"1,521.",The Sum of All Fears,(2002),A,124 min,6.4,45        
"1,522.",The Manchurian Candidate,(2004),18,129 min,6.6,76        
"1,523.",Dan in Real Life,(I) (2007),U,98 min,6.8,65        
"1,524.",Wild,(I) (2014),18,115 min,7.1,74        
"1,525.",Hannibal Rising,(2007),A,121 min,6.1,35        
"1,526.",Hable con ella,(2002),R,112 min,7.9,86        
"1,527.",The Meaning of Life,(1983),107 min,107 min,7.5,72        
"1,528.",Get the Gringo,(2012),R,96 min,6.9,60        
"1,529.",Anastasia,(1997),94 min,94 min,7.1,61        
"1,530.",The Interpreter,(2005),16,128 min,6.4,62        
"1,531.",Mirrors,(I) (2008),A,110 min,6.1,35        
"1,532.",The Giver,(2014),PG-13,97 min,6.4,47        
"1,533.",The Man Who Wasn't There,(2001),U,116 min,7.5,73        
"1,534.",The Family Man,(2000),PG-13,125 min,6.8,42        
"1,535.",Dumbo,(1941),G,64 min,7.2,96        
"1,536.",Epic,(2013),U,102 min,6.6,52        
"1,537.",Casper,(1995),U,100 min,6.2,49        
"1,538.",The X Files,(1998),PG-13,121 min,7,60        
"1,539.",Still Alice,(2014),PG-13,101 min,7.5,72        
"1,540.",Two Weeks Notice,(2002),UA,101 min,6.1,42        
"1,541.",Tenacious D in The Pick of Destiny,(2006),R,94 min,6.8,55        
"1,542.",Little Fockers,(2010),A,98 min,5.5,27        
"1,543.",Gake no ue no Ponyo,(2008),U,101 min,7.6,86        
"1,544.",Serendipity,(2001),U,90 min,6.8,52        
"1,545.",Oculus,(2013),A,104 min,6.5,61        
"1,546.",Bill & Ted's Excellent Adventure,(1989),U,90 min,6.9,50        
"1,547.",The Queen,(2006),U,103 min,7.3,90        
"1,548.",Get Hard,(2015),R,100 min,6,34        
"1,549.",Your Highness,(2011),R,102 min,5.5,31        
"1,550.",Unleashed,(2005),A,103 min,7,58        
"1,551.",Journey to the Center of the Earth,(2008),U,93 min,5.8,57        
"1,552.",Brick,(2005),R,110 min,7.1,72        
"1,553.",Fright Night,(2011),A,106 min,6.4,64        
"1,554.",Flushed Away,(2006),U,85 min,6.6,74        
"1,555.",PK,(2014),UA,153 min,8.1,
"1,556.",Beverly Hills Cop II,(1987),A,100 min,6.5,48        
"1,557.",Lady and the Tramp,(1955),G,76 min,7.3,78        
"1,558.",Under the Skin,(I) (2013),R,108 min,6.3,80        
"1,559.",Rescue Dawn,(2006),PG-13,125 min,7.3,77        
"1,560.",Bronson,(2008),Not Rated,92 min,7,71        
"1,561.",Stoker,(2013),UA 16+,99 min,6.7,58        
"1,562.",Pompeii,(I) (2014),A,105 min,5.5,41        
"1,563.",Eraser,(1996),A,115 min,6.2,56        
"1,564.",The Other Boleyn Girl,(2008),A,115 min,6.7,50        
"1,565.",Taare Zameen Par,(2007),U,162 min,8.3,
"1,566.",Serbuan maut 2: Berandal,(2014),A,150 min,7.9,71        
"1,567.",Spy Kids,(2001),U,88 min,5.6,71        
"1,568.",Sex Tape,(2014),A,94 min,5.1,36        
"1,569.",Robin Hood,(1973),U,83 min,7.5,57        
"1,570.",Paul Blart: Mall Cop,(2009),PG,91 min,5.3,39        
"1,571.",The Ladykillers,(2004),R,104 min,6.2,56        
"1,572.","Good Night, and Good Luck.",(2005),PG,93 min,7.4,80        
"1,573.",Wall Street: Money Never Sleeps,(2010),PG-13,133 min,6.2,59        
"1,574.",Reign Over Me,(2007),R,124 min,7.4,61        
"1,575.",Sweet Home Alabama,(2002),U,108 min,6.2,45        
"1,576.",Final Destination 5,(2011),A,92 min,5.9,50        
"1,577.",What Dreams May Come,(1998),PG-13,113 min,7,44        
"1,578.",Couples Retreat,(2009),UA,113 min,5.5,23        
"1,579.",If I Stay,(2014),UA,107 min,6.7,46        
"1,580.",United 93,(2006),UA,111 min,7.6,90        
"1,581.",The Naked Gun 2½: The Smell of Fear,(1991),U,85 min,6.9,65        
"1,582.",A Single Man,(2009),R,99 min,7.5,77        
"1,583.",Only God Forgives,(2013),A,90 min,5.7,37        
"1,584.",Diarios de motocicleta,(2004),U,126 min,7.7,75        
"1,585.",Safe,(I) (2012),Not Rated,94 min,6.5,55        
"1,586.",Out of the Furnace,(2013),R,116 min,6.7,63        
"1,587.",All About Eve,(1950),138 min,138 min,8.2,98        
"1,588.",Just Like Heaven,(2005),U,95 min,6.7,47        
"1,589.",My Cousin Vinny,(1992),UA,120 min,7.6,68        
"1,590.",Homefront,(I) (2013),18,100 min,6.5,40        
"1,591.",The Rundown,(2003),U,104 min,6.7,59        
"1,592.",Friday the 13th,(1980),A,95 min,6.4,22        
"1,593.",Conan the Barbarian,(2011),A,113 min,5.1,36        
"1,594.",Maverick,(1994),UA,127 min,7,62        
"1,595.",Poseidon,(2006),UA,98 min,5.7,50        
"1,596.",The French Connection,(1971),A,104 min,7.7,94        
"1,597.",Attack the Block,(2011),R,88 min,6.7,75        
"1,598.",The Full Monty,(1997),UA,91 min,7.2,75        
"1,599.",The Iron Lady,(2011),U,105 min,6.4,52        
"1,600.",Just Friends,(I) (2005),UA,96 min,6.2,47        
"1,601.",Paranormal Activity 2,(2010),UA,91 min,5.7,53        
"1,602.",Lockout,(2012),PG-13,95 min,6,48        
"1,603.",Thunderball,(1965),A,130 min,6.9,64        
"1,604.",Before the Devil Knows You're Dead,(2007),R,117 min,7.3,86        
"1,605.",Bedazzled,(2000),UA,93 min,6.1,49        
"1,606.",Drive Angry,(2011),A,104 min,5.4,44        
"1,607.",Frequency,(2000),A,118 min,7.4,67        
"1,608.",Nymphomaniac: Vol. I,(2013),Not Rated,117 min,6.9,64        
"1,609.",Mortal Kombat,(1995),UA,101 min,5.8,60        
"1,610.",Der Name der Rose,(1986),UA,130 min,7.7,54        
"1,611.",The Danish Girl,(2015),A,119 min,7.1,66        
"1,612.",Tropa de Elite,(2007),R,115 min,8,33        
"1,613.",Sphere,(1998),A,134 min,6.1,35        
"1,614.",Caddyshack,(1980),U,98 min,7.2,48        
"1,615.",Babylon A.D.,(2008),UA,90 min,5.5,26        
"1,616.",Crimson Peak,(2015),R,119 min,6.5,66        
"1,617.",Broken Flowers,(2005),UA,106 min,7.1,79        
"1,618.",Patriot Games,(1992),A,117 min,6.8,64        
"1,619.",Shanghai Knights,(2003),UA,114 min,6.2,58        
"1,620.",Annabelle,(I) (2014),A,99 min,5.4,37        
"1,621.",Music and Lyrics,(2007),PG-13,104 min,6.5,59        
"1,622.",Extremely Loud & Incredibly Close,(2011),PG-13,129 min,6.9,46        
"1,623.",Willow,(1988),UA,126 min,7.2,47        
"1,624.",Crimson Tide,(1995),U,116 min,7.3,66        
"1,625.",The Omen,(1976),A,111 min,7.5,62        
"1,626.",Legion,(2010),A,100 min,5.3,32        
"1,627.",The Amityville Horror,(2005),A,90 min,5.9,33        
"1,628.",The Counselor,(2013),R,117 min,5.4,48        
"1,629.",The Dreamers,(2003),A,115 min,7.1,63        
"1,630.",Little Nicky,(2000),UA,90 min,5.3,38        
"1,631.",A Dangerous Method,(2011),R,99 min,6.4,76        
"1,632.",Faster,(2010),12+,98 min,6.4,44        
"1,633.",Patch Adams,(1998),U,115 min,6.8,26        
"1,634.",Die Welle,(2008),107 min,107 min,7.6,
"1,635.",Never Back Down,(2008),16,113 min,6.5,39        
"1,636.",The Basketball Diaries,(1995),UA,102 min,7.3,46        
"1,637.",Dinner for Schmucks,(2010),PG-13,114 min,5.9,56        
"1,638.",Not Another Teen Movie,(2001),18,89 min,5.8,32        
"1,639.",The International,(I) (2009),A,118 min,6.5,52        
"1,640.",Incendies,(2010),18,131 min,8.3,80        
"1,641.",Hereafter,(2010),UA,129 min,6.5,56        
"1,642.",High Noon,(1952),U,85 min,8,89        
"1,643.",Be Kind Rewind,(2008),PG-13,102 min,6.4,52        
"1,644.",The Cell,(2000),R,107 min,6.4,40        
"1,645.",Marie Antoinette,(2006),PG-13,123 min,6.5,65        
"1,646.",Iron Sky,(2012),R,93 min,5.9,
"1,647.",Bonnie and Clyde,(1967),A,111 min,7.7,86        
"1,648.",The American,(2010),A,105 min,6.3,61        
"1,649.",Splice,(2009),R,104 min,5.8,66        
"1,650.",Hodejegerne,(2011),R,100 min,7.5,72        
"1,651.",Dancer in the Dark,(2000),U,140 min,7.9,63        
"1,652.",Julie & Julia,(2009),UA,123 min,7,66        
"1,653.",Kôkaku kidôtai,(1995),UA,83 min,7.9,76        
"1,654.",The Cider House Rules,(1999),U,126 min,7.4,75        
"1,655.",Serpico,(1973),A,130 min,7.7,83        
"1,656.",Cellular,(2004),PG-13,94 min,6.5,60        
"1,657.",Ali,(2001),UA,157 min,6.7,65        
"1,658.",The Treasure of the Sierra Madre,(1948),126 min,126 min,8.2,98        
"1,659.",Movie 43,(2013),A,94 min,4.3,18        
"1,660.",Bride Wars,(2009),UA,89 min,5.5,24        
"1,661.",The Gift,(VI) (2015),A,108 min,7,77        
"1,662.",The Five-Year Engagement,(2012),UA,124 min,6.2,62        
"1,663.",Death Becomes Her,(1992),A,104 min,6.6,56        
"1,664.",Vacancy,(2007),UA,85 min,6.2,54        
"1,665.",Land of the Dead,(2005),A,93 min,6.2,71        
"1,666.",Hot Shots!,(1991),U,85 min,6.7,61        
"1,667.",Ruby Sparks,(2012),R,104 min,7.2,67        
"1,668.",Lady in the Water,(2006),U,110 min,5.5,36        
"1,669.",8½,(1963),138 min,138 min,8,93        
"1,670.",Deliverance,(1972),U,109 min,7.7,80        
"1,671.",A Streetcar Named Desire,(1951),A,122 min,7.9,97        
"1,672.",DragonHeart,(1996),UA,103 min,6.4,49        
"1,673.",Sense and Sensibility,(1995),U,136 min,7.7,84        
"1,674.",Un prophète,(2009),A,155 min,7.8,90        
"1,675.",Das Experiment,(2001),R,120 min,7.7,59        
"1,676.",The X Files: I Want to Believe,(2008),A,104 min,5.9,47        
"1,677.",Four Rooms,(1995),A,98 min,6.7,
"1,678.",The Lorax,(2012),U,86 min,6.4,46        
"1,679.",30 Minutes or Less,(2011),A,83 min,6.1,49        
"1,680.",The Switch,(I) (2010),UA,101 min,6.1,52        
"1,681.",Safe Haven,(I) (2013),A,115 min,6.6,34        
"1,682.",U.S. Marshals,(1998),A,131 min,6.6,47        
"1,683.",Bad Grandpa,(2013),A,92 min,6.5,54        
"1,684.",The One,(2001),A,87 min,5.9,25        
"1,685.",Sahara,(2005),PG-13,124 min,6,41        
"1,686.",Ran,(1985),Not Rated,160 min,8.2,97        
"1,687.",The Painted Veil,(2006),PG-13,125 min,7.4,69        
"1,688.",Enter the Dragon,(1973),A,102 min,7.6,83        
"1,689.",Boys Don't Cry,(1999),A,118 min,7.5,86        
"1,690.",eXistenZ,(1999),Not Rated,97 min,6.8,70        
"1,691.",Small Soldiers,(1998),UA,108 min,6.2,
"1,692.",Broken Arrow,(1996),UA,108 min,6.1,61        
"1,693.",Braindead,(1992),R,104 min,7.5,54        
"1,694.",Tootsie,(1982),U,116 min,7.4,88        
"1,695.",Mr. Smith Goes to Washington,(1939),U,129 min,8.1,73        
"1,696.",I Love You Phillip Morris,(2009),R,102 min,6.6,65        
"1,697.",The Core,(2003),UA,135 min,5.5,48        
"1,698.",Paranormal Activity 3,(2011),R,83 min,5.8,59        
"1,699.",Born on the Fourth of July,(1989),145 min,145 min,7.2,75        
"1,700.",Year One,(2009),UA,97 min,4.9,34        
"1,701.",Naked Gun 33 1/3: The Final Insult,(1994),UA,83 min,6.5,63        
"1,702.",Runaway Jury,(2003),UA,127 min,7.1,61        
"1,703.",The Lucky One,(2012),UA,101 min,6.4,39        
"1,704.",Volver,(I) (2006),UA,121 min,7.6,84        
"1,705.",That Awkward Moment,(2014),R,94 min,6.1,36        
"1,706.",Midnight Cowboy,(1969),A,113 min,7.8,79        
"1,707.",The Walk,(II) (2015),UA,123 min,7.3,70        
"1,708.",Intolerable Cruelty,(2003),PG-13,100 min,6.3,71        
"1,709.",Jobs,(2013),UA,128 min,6,44        
"1,710.",Waiting...,(I) (2005),R,94 min,6.7,30        
"1,711.",Colombiana,(2011),A,108 min,6.4,45        
"1,712.",The Spy Who Loved Me,(1977),A,125 min,7,55        
"1,713.",Me and Earl and the Dying Girl,(2015),PG-13,105 min,7.7,74        
"1,714.",Patton,(1970),U,172 min,7.9,86        
"1,715.",The Box,(I) (2009),PG-13,115 min,5.6,47        
"1,716.",Season of the Witch,(2011),A,95 min,5.4,28        
"1,717.",Hellraiser,(1987),A,94 min,6.9,56        
"1,718.",The Devil's Rejects,(2005),A,107 min,6.7,54        
"1,719.",Skyline,(2010),PG-13,92 min,4.5,26        
"1,720.",Superman II,(1980),U,127 min,6.8,83        
"1,721.",Super Troopers,(2001),R,100 min,7,48        
"1,722.",Saw VI,(2009),A,90 min,6,30        
"1,723.",Conspiracy Theory,(1997),A,135 min,6.7,50        
"1,724.",The Hurricane,(1999),U,146 min,7.6,74        
"1,725.",Elizabeth,(1998),R,124 min,7.4,75        
"1,726.",Philomena,(2013),PG-13,98 min,7.6,77        
"1,727.",Majo no takkyûbin,(1989),U,103 min,7.8,85        
"1,728.",Jacob's Ladder,(I) (1990),A,113 min,7.4,62        
"1,729.",The Rite,(2011),PG-13,114 min,6,38        
"1,730.",Ghost Ship,(2002),A,91 min,5.6,28        
"1,731.",The Last Boy Scout,(1991),A,105 min,7,52        
"1,732.",Run All Night,(2015),R,114 min,6.6,59        
"1,733.",Monsters,(2010),R,94 min,6.4,63        
"1,734.",Glengarry Glen Ross,(1992),R,100 min,7.7,84        
"1,735.",Bean,(1997),U,89 min,6.5,52        
"1,736.",Ride Along,(2014),PG-13,99 min,6.1,41        
"1,737.",Fa yeung nin wah,(2000),U,98 min,8.1,87        
"1,738.",Dreamcatcher,(2003),A,136 min,5.5,35        
"1,739.",Cop Out,(2010),A,107 min,5.5,31        
"1,740.",Tango & Cash,(1989),UA,104 min,6.4,41        
"1,741.",A Nightmare on Elm Street,(2010),A,95 min,5.2,35        
"1,742.",The Best Exotic Marigold Hotel,(2011),UA,124 min,7.2,62        
"1,743.",I Origins,(2014),R,106 min,7.3,57        
"1,744.",The Guardian,(I) (2006),139 min,139 min,6.9,53        
"1,745.",Home Alone 3,(1997),U,102 min,4.6,
"1,746.",The Final Destination,(2009),A,82 min,5.1,30        
"1,747.",You Only Live Twice,(1967),A,117 min,6.8,61        
"1,748.",The Muppets,(2011),U,120 min,7.1,75        
"1,749.",Edge of Darkness,(2010),R,117 min,6.6,55        
"1,750.",Cheaper by the Dozen,(2003),U,98 min,5.9,46        
"1,751.",Friday the 13th,(2009),A,97 min,5.5,34        
"1,752.",Disaster Movie,(2008),PG-13,87 min,1.9,15        
"1,753.",Live and Let Die,(1973),U,121 min,6.7,55        
"1,754.",Nick and Norah's Infinite Playlist,(2008),PG-13,90 min,6.6,64        
"1,755.",Our Idiot Brother,(2011),R,90 min,6.4,60        
"1,756.",Easy Rider,(1969),A,95 min,7.2,85        
"1,757.",Crocodile Dundee,(1986),U,97 min,6.6,62        
"1,758.",The Losers,(I) (2010),A,97 min,6.2,44        
"1,759.",The Hot Chick,(2002),U,104 min,5.6,29        
"1,760.",Good Luck Chuck,(2007),A,101 min,5.6,19        
"1,761.",The Conversation,(1974),U,113 min,7.7,87        
"1,762.",Letters to Juliet,(2010),U,105 min,6.5,50        
"1,763.",Friday,(1995),R,91 min,7.2,54        
"1,764.",Harry Brown,(2009),R,103 min,7.2,55        
"1,765.",My Sister's Keeper,(2009),PG-13,109 min,7.3,51        
"1,766.",Joy,(I) (2015),U,124 min,6.6,56        
"1,767.",Octopussy,(1983),UA,131 min,6.5,63        
"1,768.",Doctor Dolittle,(1998),PG-13,85 min,5.4,46        
"1,769.",Bridget Jones: The Edge of Reason,(2004),UA,108 min,6,44        
"1,770.",Runaway Bride,(1999),PG,116 min,5.6,39        
"1,771.",Diamonds Are Forever,(1971),U,120 min,6.5,59        
"1,772.",Here Comes the Boom,(2012),PG,105 min,6.4,40        
"1,773.",Revolver,(2005),R,111 min,6.3,25        
"1,774.",101 Dalmatians,(1996),All,103 min,5.7,50        
"1,775.",In the Line of Fire,(1993),UA,128 min,7.2,74        
"1,776.",Licence to Kill,(1989),UA,133 min,6.7,58        
"1,777.",Yôjinbô,(1961),U,110 min,8.2,93        
"1,778.",The Man with the Golden Gun,(1974),A,125 min,6.7,43        
"1,779.",Sixteen Candles,(1984),U,93 min,7,61        
"1,780.",Frankenweenie,(2012),U,87 min,6.9,74        
"1,781.",Notorious,(1946),U,102 min,7.9,100        
"1,782.",The Lobster,(2015),R,119 min,7.1,82        
"1,783.",All the President's Men,(1976),U,138 min,7.9,84        
"1,784.",Election,(1999),UA,103 min,7.3,83        
"1,785.",Flickan som lekte med elden,(2009),R,129 min,7.1,66        
"1,786.",Anaconda,(1997),A,89 min,4.9,37        
"1,787.",Righteous Kill,(2008),A,101 min,6,36        
"1,788.",Grosse Pointe Blank,(1997),U,107 min,7.3,76        
"1,789.",They Live,(1988),A,94 min,7.2,55        
"1,790.",Beginners,(2010),R,105 min,7.2,81        
"1,791.",Dead Man Walking,(1995),A,122 min,7.5,80        
"1,792.",The Thomas Crown Affair,(1999),UA,113 min,6.8,72        
"1,793.",Filth,(I) (2013),A,97 min,7,56        
"1,794.",Finding Forrester,(2000),U,136 min,7.3,62        
"1,795.",Sky Captain and the World of Tomorrow,(2004),U,106 min,6.1,64        
"1,796.",The Raven,(I) (2012),A,110 min,6.4,44        
"1,797.",Touch of Evil,(1958),PG-13,95 min,8,99        
"1,798.",Killers,(2010),PG-13,100 min,5.4,21        
"1,799.",A Christmas Carol,(2009),U,96 min,6.8,55        
"1,800.",We Own the Night,(2007),R,117 min,6.8,59        
"1,801.",Sex Drive,(2008),18,109 min,6.5,49        
"1,802.",War,(2007),R,103 min,6.2,36        
"1,803.",Haywire,(2011),UA,93 min,5.8,67        
"1,804.",Cashback,(2006),A,102 min,7.1,54        
"1,805.",Piranha 3D,(2010),A,88 min,5.5,53        
"1,806.",St. Vincent,(2014),PG-13,102 min,7.2,64        
"1,807.",Primer,(2004),PG-13,77 min,6.7,68        
"1,808.",Atlantis: The Lost Empire,(2001),U,95 min,6.9,52        
"1,809.",Sling Blade,(1996),A,135 min,8,85        
"1,810.",Bedtime Stories,(2008),U,99 min,6,33        
"1,811.",Final Fantasy: The Spirits Within,(2001),U,106 min,6.4,49        
"1,812.",The People vs. Larry Flynt,(1996),A,130 min,7.3,79        
"1,813.",Driving Miss Daisy,(1989),U,99 min,7.3,81        
"1,814.",ParaNorman,(2012),UA,92 min,7,72        
"1,815.",Brooklyn,(2015),U,117 min,7.5,88        
"1,816.",The Warriors,(1979),UA,93 min,7.5,65        
"1,817.",Dead Man,(1995),R,121 min,7.5,62        
"1,818.",For Your Eyes Only,(1981),UA,127 min,6.7,54        
"1,819.",West Side Story,(1961),A,153 min,7.6,86        
"1,820.",WarGames,(1983),U,114 min,7.1,77        
"1,821.",The Heartbreak Kid,(2007),UA,116 min,5.8,46        
"1,822.",Out of Sight,(1998),UA,123 min,7,84        
"1,823.",Unthinkable,(2010),R,97 min,7,
"1,824.",A League of Their Own,(1992),U,128 min,7.3,69        
"1,825.",My Week with Marilyn,(2011),R,99 min,6.9,65        
"1,826.",Confessions of a Dangerous Mind,(2002),R,113 min,7,67        
"1,827.",Monster's Ball,(2001),UA 16+,111 min,7.1,69        
"1,828.",The Legend of Zorro,(2005),U,129 min,5.9,47        
"1,829.",Treasure Planet,(2002),PG,95 min,7.2,60        
"1,830.",While You Were Sleeping,(1995),U,103 min,6.8,67        
"1,831.",Scooby-Doo,(2002),U,89 min,5.3,35        
"1,832.",Fantasia,(1940),U,124 min,7.7,96        
"1,833.",Another Earth,(2011),PG-13,92 min,6.9,66        
"1,834.",Leap Year,(2010),UA,100 min,6.4,33        
"1,835.",Elektra,(2005),UA,97 min,4.7,34        
"1,836.",Fast Times at Ridgemont High,(1982),UA,90 min,7.1,61        
"1,837.",The Ring Two,(2005),A,110 min,5.4,44        
"1,838.",Lagaan: Once Upon a Time in India,(2001),U,224 min,8.1,84        
"1,839.",National Lampoons Vacation,(1983),U,98 min,7.3,55        
"1,840.",Monster House,(2006),UA,91 min,6.6,68        
"1,841.",Half Nelson,(2006),A,106 min,7.1,85        
"1,842.",In the Heart of the Sea,(2015),18,122 min,6.9,47        
"1,843.",Ang-ma-reul bo-at-da,(2010),Not Rated,144 min,7.8,67        
"1,844.",Anna Karenina,(I) (2012),18,129 min,6.6,63        
"1,845.",Elephant,(2003),R,81 min,7.1,70        
"1,846.",Mirror Mirror,(I) (2012),U,106 min,5.6,46        
"1,847.",The New World,(2005),PG-13,135 min,6.7,73        
"1,848.",A Good Year,(2006),UA,117 min,6.9,47        
"1,849.",That's My Boy,(2012),U,116 min,5.5,31        
"1,850.",Ultraviolet,(2006),UA,88 min,4.3,18        
"1,851.",Beasts of the Southern Wild,(2012),PG-13,93 min,7.2,86        
"1,852.",Amour,(2012),UA,127 min,7.9,95        
"1,853.",Sweet November,(2001),A,119 min,6.7,27        
"1,854.",The Last Emperor,(1987),U,163 min,7.7,76        
"1,855.",Brother Bear,(2003),U,85 min,6.9,48        
"1,856.",Hide and Seek,(2005),R,101 min,5.9,35        
"1,857.",Persepolis,(2007),12+,96 min,8,90        
"1,858.",Les quatre cents coups,(1959),U,99 min,8.1,
"1,859.",Bring It On,(2000),PG-13,98 min,6.1,52        
"1,860.",Ghost Dog: The Way of the Samurai,(1999),R,116 min,7.5,68        
"1,861.",Goon,(2011),R,92 min,6.8,64        
"1,862.",Arlington Road,(1999),R,117 min,7.2,65        
"1,863.",Hostel: Part II,(2007),A,94 min,5.5,46        
"1,864.",Yip Man 2,(2010),R,108 min,7.5,67        
"1,865.",It's Complicated,(2009),A,121 min,6.5,57        
"1,866.",Rang De Basanti,(2006),UA,167 min,8.1,
"1,867.",Teenage Mutant Ninja Turtles,(1990),U,93 min,6.8,51        
"1,868.",Exam,(2009),101 min,101 min,6.8,
"1,869.",Home,(II) (2015),U,94 min,6.5,55        
"1,870.",Eraserhead,(1977),18,89 min,7.3,87        
"1,871.",Cool Runnings,(1993),PG,98 min,7,60        
"1,872.",Clear and Present Danger,(1994),UA,141 min,6.9,72        
"1,873.",Cop Land,(1997),R,105 min,7,64        
"1,874.",Funny Games,(2007),R,111 min,6.5,44        
"1,875.",La migliore offerta,(2013),R,131 min,7.8,49        
"1,876.",Moonraker,(1979),A,126 min,6.2,66        
"1,877.",My Name Is Khan,(2010),UA,165 min,7.9,50        
"1,878.",The Living Daylights,(1987),UA,130 min,6.7,59        
"1,879.",Analyze That,(2002),R,96 min,5.9,37        
"1,880.",3 Days to Kill,(2014),A,117 min,6.2,40        
"1,881.",Todo sobre mi madre,(1999),R,101 min,7.8,87        
"1,882.",The Weather Man,(2005),R,102 min,6.6,61        
"1,883.",The Quick and the Dead,(1995),A,108 min,6.5,49        
"1,884.",Ali G Indahouse,(2002),UA,85 min,6.2,46        
"1,885.",The Spiderwick Chronicles,(2008),U,96 min,6.5,62        
"1,886.",Universal Soldier,(1992),A,102 min,6.1,35        
"1,887.",Biutiful,(2010),R,148 min,7.4,58        
"1,888.",Gwoemul,(2006),UA,120 min,7.1,85        
"1,889.",Around the World in 80 Days,(2004),7,120 min,5.9,49        
"1,890.",A View to a Kill,(1985),UA,131 min,6.3,40        
"1,891.","You, Me and Dupree",(2006),A,110 min,5.6,46        
"1,892.",Jingle All the Way,(1996),U,89 min,5.7,34        
"1,893.",Maid in Manhattan,(2002),A,105 min,5.4,45        
"1,894.",The Frighteners,(1996),UA,110 min,7.1,52        
"1,895.",Stalker,(1979),U,162 min,8.1,85        
"1,896.",Gremlins 2: The New Batch,(1990),UA,106 min,6.4,69        
"1,897.",Thirteen,(2003),15+,100 min,6.8,70        
"1,898.",Nosferatu,(1922),94 min,94 min,7.9,
"1,899.",The Kite Runner,(2007),PG-13,128 min,7.6,61        
"1,900.",The Doors,(1991),U,140 min,7.2,62        
"1,901.",Blitz,(2011),A,97 min,6.1,
"1,902.",Never Been Kissed,(1999),UA,107 min,6,60        
"1,903.",Take Shelter,(2011),R,121 min,7.3,85        
"1,904.",Secretary,(2002),A,107 min,6.9,63        
"1,905.",Saw 3D,(2010),(Banned),90 min,5.5,24        
"1,906.",Grandma's Boy,(2006),R,94 min,6.9,33        
"1,907.",Hidalgo,(2004),UA,136 min,6.7,54        
"1,908.",To Rome with Love,(2012),A,112 min,6.3,54        
"1,909.",The Last House on the Left,(2009),R,110 min,6.5,42        
"1,910.",Mean Streets,(1973),A,112 min,7.2,96        
"1,911.",Beautiful Creatures,(2013),16,124 min,6.1,52        
"1,912.",Crazy Heart,(2009),R,112 min,7.2,83        
"1,913.",The Gold Rush,(1925),95 min,95 min,8.1,
"1,914.",August: Osage County,(2013),A,121 min,7.2,58        
"1,915.",Lolita,(1962),153 min,153 min,7.5,79        
"1,916.",Step Up 2: The Streets,(2008),U,98 min,6.2,50        
"1,917.",Wag the Dog,(1997),R,97 min,7.1,74        
"1,918.",Zathura: A Space Adventure,(2005),UA,101 min,6.3,67        
"1,919.",Solaris,(2002),U,99 min,6.2,67        
"1,920.",World Trade Center,(2006),U,129 min,6,66        
"1,921.",The Bling Ring,(2013),R,90 min,5.6,66        
"1,922.",Ghosts of Girlfriends Past,(2009),PG-13,115 min,5.8,34        
"1,923.",John Tucker Must Die,(2006),UA,89 min,5.7,41        
"1,924.",Blood Simple,(1984),A,99 min,7.5,84        
"1,925.",Journey 2: The Mysterious Island,(2012),U,94 min,5.7,41        
"1,926.",What We Do in the Shadows,(2014),R,86 min,7.6,76        
"1,927.",Mr. Popper's Penguins,(2011),U,94 min,6,53        
"1,928.",She's All That,(1999),UA,95 min,5.9,51        
"1,929.",Hot Shots! Part Deux,(1993),U,86 min,6.6,64        
"1,930.",The Kid,(1921),68 min,68 min,8.2,
"1,931.",Night at the Museum: Secret of the Tomb,(2014),U,98 min,6.2,47        
"1,932.",Semi-Pro,(2008),R,91 min,5.8,47        
"1,933.",Witness,(1985),U,112 min,7.4,76        
"1,934.",My Fair Lady,(1964),U,170 min,7.7,95        
"1,935.",Big Momma's House,(2000),A,99 min,5.2,33        
"1,936.",Scoop,(2006),PG-13,96 min,6.6,48        
"1,937.",Meet the Robinsons,(2007),U,95 min,6.8,61        
"1,938.",Salinui chueok,(2003),UA,131 min,8.1,82        
"1,939.",New Year's Eve,(2011),UA,118 min,5.6,22        
"1,940.",The Smurfs,(2011),U,103 min,5.4,30        
"1,941.",London Has Fallen,(2016),UA,99 min,5.9,28        
"1,942.",Tropa de Elite 2: O Inimigo Agora é Outro,(2010),115 min,115 min,8,71        
"1,943.",42,(2013),PG-13,128 min,7.5,62        
"1,944.","Love, Rosie",(2014),UA,102 min,7.1,44        
"1,945.",The Dukes of Hazzard,(2005),PG-13,104 min,5.1,33        
"1,946.",The Pacifier,(2005),U,95 min,5.6,30        
"1,947.",Say Anything...,(1989),U,100 min,7.3,86        
"1,948.",Delicatessen,(1991),R,99 min,7.5,66        
"1,949.",Assault on Precinct 13,(2005),R,109 min,6.3,54        
"1,950.",Felon,(2008),R,104 min,7.4,58        
"1,951.",Festen,(1998),R,105 min,8,82        
"1,952.",Dead Silence,(2007),UA,89 min,6.1,34        
"1,953.",Malèna,(2000),A,108 min,7.4,54        
"1,954.",Legend of the Guardians: The Owls of Ga'Hoole,(2010),U,97 min,6.9,53        
"1,955.",Submarine,(2010),R,97 min,7.3,76        
"1,956.",Following,(1998),R,69 min,7.5,60        
"1,957.","I, Frankenstein",(2014),UA,92 min,5.1,30        
"1,958.",Spanglish,(2004),PG-13,131 min,6.4,48        
"1,959.",88 Minutes,(2007),UA,108 min,5.9,17        
"1,960.",Mississippi Burning,(1988),A,128 min,7.8,65        
"1,961.",Nacho Libre,(2006),PG,92 min,5.9,52        
"1,962.",La Vie En Rose,(2007),PG-13,140 min,7.6,66        
"1,963.",Thir13en Ghosts,(2001),A,91 min,5.6,30        
"1,964.",The Hudsucker Proxy,(1994),PG,111 min,7.2,53        
"1,965.",Battlefield Earth,(2000),A,117 min,2.5,9        
"1,966.",The Pink Panther,(2006),U,93 min,5.7,38        
"1,967.",Vacation,(I) (2015),UA 16+,99 min,6.1,34        
"1,968.",Taking Lives,(2004),R,103 min,6.2,38        
"1,969.",U-571,(2000),UA,116 min,6.6,62        
"1,970.",Gosford Park,(2001),U,137 min,7.2,90        
"1,971.",Open Season,(2006),U,86 min,6.1,49        
"1,972.",The Invasion,(I) (2007),A,99 min,5.9,45        
"1,973.",Abduction,(I) (2011),UA,106 min,5.1,25        
"1,974.",The Sword in the Stone,(1963),U,79 min,7.1,61        
"1,975.",The Bad Lieutenant: Port of Call - New Orleans,(2009),R,122 min,6.6,69        
"1,976.",Sister Act,(1992),U,100 min,6.5,51        
"1,977.",It Happened One Night,(1934),105 min,105 min,8.1,87        
"1,978.",Centurion,(2010),R,97 min,6.3,62        
"1,979.",The Magnificent Seven,(1960),128 min,128 min,7.7,74        
"1,980.",The Night of the Hunter,(1955),A,92 min,8,97        
"1,981.",The Guard,(2011),R,96 min,7.3,78        
"1,982.",Young Adult,(2011),PG,94 min,6.3,71        
"1,983.",The Santa Clause,(1994),U,97 min,6.6,57        
"1,984.",Snitch,(I) (2013),UA,112 min,6.4,51        
"1,985.",Notes on a Scandal,(2006),R,92 min,7.4,73        
"1,986.",Youth in Revolt,(2009),R,90 min,6.4,63        
"1,987.",Kate & Leopold,(2001),U,118 min,6.4,44        
"1,988.",Mar adentro,(I) (2004),U,126 min,8,74        
"1,989.",A Perfect Murder,(1998),A,107 min,6.6,50        
"1,990.",The Visit,(I) (2015),A,94 min,6.3,55        
"1,991.",An American Werewolf in London,(1981),A,97 min,7.5,55        
"1,992.",King Kong,(1933),100 min,100 min,7.9,92        
"1,993.",The Day the Earth Stood Still,(1951),U,92 min,7.7,83        
"1,994.",Cloudy with a Chance of Meatballs 2,(2013),U,95 min,6.3,59        
"1,995.",The AristoCats,(1970),U,78 min,7.1,66        
"1,996.",Triangle,(2009),A,99 min,6.9,
"1,997.",Snake Eyes,(1998),U,98 min,6.1,52        
"1,998.",October Sky,(1999),U,108 min,7.8,71        
"1,999.",Beastly,(2011),PG-13,86 min,5.5,40        
"2,000.",Romancing the Stone,(1984),U,106 min,6.9,63        
"2,001.",The VVitch: A New-England Folktale,(2015),R,92 min,7,84        
"2,002.",Trois couleurs: Rouge,(1994),U,99 min,8.1,100        
"2,003.",Swingers,(1996),UA,96 min,7.2,71        
"2,004.",Outlander,(2008),UA,115 min,6.2,40        
"2,005.",The House Bunny,(2008),PG-13,97 min,5.5,55        
"2,006.",The Piano,(1993),Not Rated,121 min,7.5,89        
"2,007.",Malcolm X,(1992),U,202 min,7.7,73        
"2,008.",The Big Sleep,(1946),114 min,114 min,7.9,86        
"2,009.",Phenomenon,(1996),U,123 min,6.4,42        
"2,010.",American Graffiti,(1973),U,110 min,7.4,97        
"2,011.",The Inbetweeners Movie,(2011),Not Rated,97 min,6.7,44        
"2,012.",Chicken Little,(2005),7,81 min,5.7,48        
"2,013.",Pet Sematary,(1989),A,103 min,6.5,38        
"2,014.",The Straight Story,(1999),U,112 min,8,86        
"2,015.",Stuck in Love,(2012),UA 16+,97 min,7.2,49        
"2,016.",The Mothman Prophecies,(2002),UA,119 min,6.4,52        
"2,017.",Into the Blue,(2005),UA,110 min,5.9,45        
"2,018.",Broken City,(2013),A,109 min,6.1,49        
"2,019.",Flubber,(1997),U,93 min,5.3,38        
"2,020.",Eat Pray Love,(2010),UA,133 min,5.8,50        
"2,021.",Kingpin,(1996),UA,114 min,6.9,43        
"2,022.",Look Who's Talking,(1989),U,93 min,5.9,51        
"2,023.",The Black Dahlia,(2006),R,121 min,5.6,49        
"2,024.",The Fox and the Hound,(1981),U,83 min,7.2,65        
"2,025.",Rebel Without a Cause,(1955),U,111 min,7.6,89        
"2,026.",The Fisher King,(1991),A,137 min,7.5,67        
"2,027.",Awake,(2007),R,84 min,6.5,33        
"2,028.",Uncle Buck,(1989),U,100 min,7.1,51        
"2,029.",The Wild Bunch,(1969),A,145 min,7.9,98        
"2,030.",The Fourth Kind,(2009),PG-13,98 min,5.9,34        
"2,031.",Jane Eyre,(2011),UA,120 min,7.3,76        
"2,032.","Paris, je t'aime",(2006),R,120 min,7.2,66        
"2,033.",RoboCop 2,(1990),A,117 min,5.8,42        
"2,034.",Star Trek: The Motion Picture,(1979),U,143 min,6.4,50        
"2,035.",The Grapes of Wrath,(1940),129 min,129 min,8.1,96        
"2,036.",Confessions of a Shopaholic,(2009),U,104 min,5.8,38        
"2,037.",Unfaithful,(2002),A,124 min,6.7,63        
"2,038.",Smultronstället,(1957),U,91 min,8.1,88        
"2,039.",Angel Heart,(1987),A,113 min,7.2,61        
"2,040.",Witness for the Prosecution,(1957),U,116 min,8.4,76        
"2,041.",Get Shorty,(1995),UA,105 min,6.9,81        
"2,042.",Assassins,(1995),A,133 min,6.3,
"2,043.",Trick 'r Treat,(2007),R,82 min,6.7,
"2,044.",The Guest,(I) (2014),R,100 min,6.7,76        
"2,045.",The Hustler,(1961),A,134 min,8,90        
"2,046.",The Conjuring 2,(2016),UA,134 min,7.3,65        
"2,047.",Doomsday,(I) (2008),A,113 min,5.9,51        
"2,048.",Tommy Boy,(1995),U,97 min,7.1,46        
"2,049.",A Cinderella Story,(2004),U,95 min,5.9,25        
"2,050.",Paper Towns,(2015),PG-13,109 min,6.2,56        
"2,051.",Un long dimanche de fiançailles,(2004),U,133 min,7.6,76        
"2,052.",Derailed,(I) (2005),R,108 min,6.6,40        
"2,053.",Wayne's World 2,(1993),U,95 min,6.2,60        
"2,054.",Red Dawn,(2012),A,93 min,5.3,31        
"2,055.",Bom yeoreum gaeul gyeoul geurigo bom,(2003),R,103 min,8,85        
"2,056.",Huo Yuan Jia,(2006),PG-13,104 min,7.6,70        
"2,057.",Stir of Echoes,(1999),R,99 min,6.9,67        
"2,058.",The Last Song,(2010),U,108 min,6,33        
"2,059.",Premonition,(I) (2007),UA,96 min,5.9,29        
"2,060.",Kung Fu Panda 3,(2016),U,95 min,7.1,66        
"2,061.",The Birdcage,(1996),A,117 min,7.2,71        
"2,062.",Bãhubali: The Beginning,(2015),UA,159 min,8,
"2,063.",The Killing,(1956),84 min,84 min,7.9,91        
"2,064.",Cabin Fever,(2002),A,93 min,5.6,56        
"2,065.",Turbo,(2013),U,96 min,6.4,58        
"2,066.",40 Days and 40 Nights,(2002),A,96 min,5.6,53        
"2,067.",Dante's Peak,(1997),UA,108 min,6,43        
"2,068.",Wanderlust,(2012),18,98 min,5.6,53        
"2,069.",Trois couleurs: Bleu,(1993),U,94 min,7.9,87        
"2,070.",Hitman: Agent 47,(2015),15+,96 min,5.7,28        
"2,071.",Flatliners,(1990),A,115 min,6.5,55        
"2,072.",Child's Play,(1988),UA,87 min,6.7,58        
"2,073.",Conan the Destroyer,(1984),UA,103 min,5.9,53        
"2,074.",Rock of Ages,(2012),A,123 min,5.9,47        
"2,075.",The Tuxedo,(2002),U,98 min,5.4,30        
"2,076.",The Searchers,(1956),U,119 min,7.8,94        
"2,077.",Slither,(2006),A,95 min,6.5,69        
"2,078.",The Duchess,(2008),All,110 min,6.9,62        
"2,079.",The Good Dinosaur,(2015),U,93 min,6.7,66        
"2,080.",Inherent Vice,(2014),UA,148 min,6.6,81        
"2,081.",Super,(I) (2010),R,96 min,6.7,50        
"2,082.",The Land Before Time,(1988),U,69 min,7.4,66        
"2,083.",Burlesque,(I) (2010),UA,119 min,6.4,47        
"2,084.",Frida,(2002),UA,123 min,7.3,61        
"2,085.",Taxi,(I) (1998),U,89 min,7,
"2,086.",La science des rêves,(2006),R,105 min,7.2,70        
"2,087.",Persona,(1966),85 min,85 min,8.1,86        
"2,088.",Mona Lisa Smile,(2003),UA,117 min,6.5,45        
"2,089.",Collateral Damage,(2002),A,108 min,5.5,33        
"2,090.",Star Trek IV: The Voyage Home,(1986),U,119 min,7.3,71        
"2,091.",Scrooged,(1988),UA,101 min,6.9,38        
"2,092.",Wild at Heart,(1990),A,125 min,7.2,52        
"2,093.",Sky High,(2005),U,100 min,6.3,62        
"2,094.",How to Lose Friends & Alienate People,(2008),R,110 min,6.4,35        
"2,095.",The Wedding Planner,(2001),U,103 min,5.3,33        
"2,096.",The Uninvited,(2009),PG-13,87 min,6.3,43        
"2,097.",The Manchurian Candidate,(1962),A,126 min,7.9,94        
"2,098.",Sunshine Cleaning,(2008),U,91 min,6.8,61        
"2,099.",The Animatrix,(2003),100 min,100 min,7.3,
"2,100.",You're Next,(2011),R,95 min,6.6,66        
"2,101.",Species,(1995),A,108 min,5.9,49        
"2,102.",Under Siege,(1992),A,103 min,6.5,58        
"2,103.",The Color Purple,(1985),U,154 min,7.7,78        
"2,104.",Selma,(2014),PG-13,128 min,7.5,79        
"2,105.",Six Days Seven Nights,(1998),U,102 min,5.9,51        
"2,106.",The Flintstones,(1994),U,91 min,5,38        
"2,107.",Disconnect,(I) (2012),16,115 min,7.5,64        
"2,108.",Ong-Bak,(2003),R,108 min,7.1,69        
"2,109.",Only Lovers Left Alive,(2013),R,123 min,7.2,79        
"2,110.",The Kings of Summer,(2013),R,95 min,7.1,61        
"2,111.",House of 1000 Corpses,(2003),A,89 min,6,31        
"2,112.",The Incredible Burt Wonderstone,(2013),A,100 min,5.9,44        
"2,113.",Risky Business,(1983),UA,99 min,6.8,75        
"2,114.",Blue Streak,(1999),UA,93 min,6.3,46        
"2,115.",Speed 2: Cruise Control,(1997),UA,121 min,3.9,24        
"2,116.",Ghost Town,(I) (2008),PG-13,102 min,6.7,72        
"2,117.",Burnt,(I) (2015),Not Rated,101 min,6.6,42        
"2,118.",The Long Kiss Goodnight,(1996),A,121 min,6.8,43        
"2,119.",Cocktail,(1988),A,104 min,5.9,12        
"2,120.",Case 39,(2009),UA,109 min,6.2,25        
"2,121.",Mission to Mars,(2000),U,114 min,5.7,34        
"2,122.",Hocus Pocus,(1993),U,96 min,6.9,43        
"2,123.",Hitchcock,(2012),UA,98 min,6.8,55        
"2,124.",Days of Thunder,(1990),U,107 min,6.1,60        
"2,125.",Videodrome,(1983),Not Rated,87 min,7.2,58        
"2,126.",Carol,(2015),18,118 min,7.3,94        
"2,127.",Flipped,(I) (2010),PG,90 min,7.7,45        
"2,128.",Star Trek: Generations,(1994),U,118 min,6.6,55        
"2,129.",G.I. Jane,(1997),R,125 min,6,62        
"2,130.",21 & Over,(2013),A,93 min,5.8,34        
"2,131.",Jack and Jill,(I) (2011),UA,91 min,3.3,23        
"2,132.",The Squid and the Whale,(2005),R,81 min,7.3,82        
"2,133.",Stay,(I) (2005),UA,99 min,6.7,41        
"2,134.",Beverly Hills Cop III,(1994),A,104 min,5.5,16        
"2,135.",God Bless America,(2011),R,105 min,7.1,56        
"2,136.",Inkheart,(2008),PG,106 min,6.1,49        
"2,137.",The Sitter,(2011),R,81 min,5.6,39        
"2,138.",Death Sentence,(2007),R,105 min,6.7,36        
"2,139.",Girl with a Pearl Earring,(2003),U,100 min,6.9,72        
"2,140.",Space Cowboys,(2000),UA,130 min,6.5,73        
"2,141.",Ghostbusters,(2016),UA,117 min,6.8,60        
"2,142.",In the Valley of Elah,(2007),R,121 min,7.2,65        
"2,143.",Penguins of Madagascar,(2014),PG,92 min,6.6,53        
"2,144.",The Ruins,(2008),18,90 min,5.9,44        
"2,145.",Heathers,(1988),Not Rated,103 min,7.2,72        
"2,146.",Frailty,(2001),R,100 min,7.2,64        
"2,147.",Weird Science,(1985),Not Rated,94 min,6.6,46        
"2,148.",On Her Majesty's Secret Service,(1969),U,142 min,6.7,61        
"2,149.",Hot Rod,(2007),PG-13,88 min,6.7,43        
"2,150.",Pink Floyd: The Wall,(1982),Not Rated,95 min,8,47        
"2,151.",Delivery Man,(2013),UA,105 min,6.3,44        
"2,152.",The Words,(2012),PG-13,102 min,7,37        
"2,153.",Sex and the City 2,(2010),A,146 min,4.5,27        
"2,154.",The Pelican Brief,(1993),UA,141 min,6.6,51        
"2,155.",All Is Lost,(2013),(Banned),106 min,6.9,87        
"2,156.",Zwartboek,(2006),A,145 min,7.7,71        
"2,157.",Go,(1999),R,102 min,7.2,74        
"2,158.",Do the Right Thing,(1989),U,120 min,8,93        
"2,159.",Be Cool,(2005),PG-13,118 min,5.6,37        
"2,160.",Blindness,(2008),R,121 min,6.5,45        
"2,161.",Martyrs,(2008),A,99 min,7,
"2,162.",Deuce Bigalow: Male Gigolo,(1999),A,88 min,5.7,30        
"2,163.",Fool's Gold,(I) (2008),PG-13,112 min,5.7,29        
"2,164.",Killer Joe,(2011),A,102 min,6.7,62        
"2,165.",Along Came a Spider,(2001),A,104 min,6.4,42        
"2,166.",Machete Kills,(2013),R,107 min,5.6,41        
"2,167.",Solomon Kane,(2009),R,104 min,6.1,48        
"2,168.",Entourage,(2015),R,104 min,6.5,38        
"2,169.",No Reservations,(2007),PG,104 min,6.3,50        
"2,170.",Kids,(1995),A,91 min,7,63        
"2,171.",Whatever Works,(2009),PG-13,93 min,7.1,45        
"2,172.",What's Your Number?,(2011),A,106 min,6,35        
"2,173.","Hail, Caesar!",(2016),UA,106 min,6.3,72        
"2,174.",Morning Glory,(2010),PG-13,107 min,6.5,57        
"2,175.",Garfield: The Movie,(2004),U,80 min,5,27        
"2,176.",The SpongeBob SquarePants Movie,(2004),U,87 min,7.1,67        
"2,177.",Nymphomaniac: Vol. II,(2013),Not Rated,124 min,6.6,60        
"2,178.",Bewitched,(2005),UA,102 min,4.8,34        
"2,179.",Elizabethtown,(2005),PG-13,123 min,6.3,45        
"2,180.",Star Trek III: The Search for Spock,(1984),U,105 min,6.6,56        
"2,181.",Run Fatboy Run,(2007),PG-13,100 min,6.5,48        
"2,182.",White Men Can't Jump,(1992),R,115 min,6.8,65        
"2,183.",Shaft,(2000),A,99 min,6,50        
"2,184.",Lost in Space,(1998),UA,130 min,5.2,43        
"2,185.",The African Queen,(1951),U,105 min,7.7,91        
"2,186.",Failure to Launch,(2006),U,97 min,5.6,47        
"2,187.",Rio 2,(2014),U,101 min,6.3,49        
"2,188.",Fallen,(1998),A,124 min,7,
"2,189.",House at the End of the Street,(2012),PG-13,101 min,5.5,31        
"2,190.",Ninja Assassin,(2009),R,99 min,6.3,34        
"2,191.",Upside Down,(I) (2012),PG-13,109 min,6.3,45        
"2,192.",Star Trek: Nemesis,(2002),Not Rated,116 min,6.4,51        
"2,193.",A Lot Like Love,(2005),U,107 min,6.6,48        
"2,194.",Backdraft,(1991),UA,137 min,6.7,39        
"2,195.",The Station Agent,(2003),R,89 min,7.6,81        
"2,196.",Volcano,(1997),UA,104 min,5.5,54        
"2,197.",The Haunting,(1999),A,113 min,5,42        
"2,198.",Holes,(2003),Not Rated,117 min,7,71        
"2,199.",The Road to El Dorado,(2000),U,89 min,6.9,51        
"2,200.",The Last Witch Hunter,(2015),A,106 min,5.9,34        
"2,201.",Domino,(2005),Not Rated,127 min,5.9,37        
"2,202.",The Siege,(1998),A,116 min,6.4,53        
"2,203.",Act of Valor,(2012),R,110 min,6.4,40        
"2,204.",The Sandlot,(1993),U,101 min,7.8,55        
"2,205.",Ever After,(1998),U,121 min,7.1,66        
"2,206.",Speed Racer,(2008),U,135 min,6.1,37        
"2,207.",The Color of Money,(1986),A,119 min,7,77        
"2,208.",Seabiscuit,(2003),U,140 min,7.3,72        
"2,209.",Eden Lake,(2008),A,91 min,6.7,65        
"2,210.",A Perfect World,(1993),UA,138 min,7.5,71        
"2,211.",The Forgotten,(2004),PG-13,91 min,5.8,43        
"2,212.",Bloodsport,(1988),A,92 min,6.8,29        
"2,213.",Just Married,(2003),UA,95 min,5.5,28        
"2,214.",Clue,(1985),94 min,94 min,7.2,41        
"2,215.","Swades: We, the People",(2004),U,210 min,8.2,
"2,216.",Quarantine,(2008),A,89 min,5.9,53        
"2,217.",The Human Centipede (First Sequence),(2009),A,92 min,4.4,33        
"2,218.",The Outsiders,(1983),U,91 min,7,45        
"2,219.",Dark Skies,(2013),PG-13,97 min,6.3,50        
"2,220.",Changing Lanes,(2002),R,98 min,6.5,69        
"2,221.",Self/less,(2015),PG-13,117 min,6.5,34        
"2,222.",What to Expect When You're Expecting,(2012),A,110 min,5.7,41        
"2,223.",Alvin and the Chipmunks,(2007),U,92 min,5.2,39        
"2,224.",Addams Family Values,(1993),UA,94 min,6.8,61        
"2,225.",Project Almanac,(2015),PG-13,106 min,6.3,47        
"2,226.",A Most Wanted Man,(2014),R,122 min,6.7,73        
"2,227.",The Craft,(1996),A,101 min,6.4,55        
"2,228.",The Last Castle,(2001),UA,131 min,6.9,43        
"2,229.",Bandits,(2001),PG-13,123 min,6.5,60        
"2,230.",Romeo Must Die,(2000),A,115 min,6.1,52        
"2,231.",Detachment,(2011),98 min,98 min,7.7,52        
"2,232.",Bowfinger,(1999),A,97 min,6.5,73        
"2,233.",Siu Lam juk kau,(2001),U,113 min,7.3,68        
"2,234.",I Heart Huckabees,(2004),R,107 min,6.5,55        
"2,235.",Mysterious Skin,(2004),Unrated,105 min,7.6,74        
"2,236.",House of Sand and Fog,(2003),R,126 min,7.5,71        
"2,237.",Charlie Bartlett,(2007),R,97 min,6.9,54        
"2,238.",Harold and Maude,(1971),91 min,91 min,7.9,62        
"2,239.",Star Trek: Insurrection,(1998),UA,103 min,6.4,64        
"2,240.",Double Jeopardy,(1999),A,105 min,6.5,41        
"2,241.",Amistad,(1997),A,155 min,7.3,64        
"2,242.",Dragonball Evolution,(2009),U,85 min,2.5,45        
"2,243.",The Postman,(1997),A,177 min,6.1,29        
"2,244.",A Perfect Getaway,(2009),Not Rated,98 min,6.5,63        
"2,245.",I Spit on Your Grave,(2010),R,108 min,6.2,27        
"2,246.",Who's Afraid of Virginia Woolf?,(1966),A,131 min,8,75        
"2,247.",Johnny Mnemonic,(1995),UA,103 min,5.6,36        
"2,248.",The Texas Chainsaw Massacre: The Beginning,(2006),A,91 min,5.8,30        
"2,249.",Chloe,(2009),All,96 min,6.3,48        
"2,250.",George of the Jungle,(1997),PG,92 min,5.5,53        
"2,251.","Jeff, Who Lives at Home",(2011),R,83 min,6.4,60        
"2,252.",Dope,(2015),R,103 min,7.2,72        
"2,253.",Windtalkers,(2002),A,134 min,6.1,51        
"2,254.",Banlieue 13,(2004),UA 16+,84 min,7.1,70        
"2,255.",Joan of Arc,(1999),A,158 min,6.4,54        
"2,256.",Wolf Creek,(2005),A,99 min,6.2,56        
"2,257.",Four Lions,(2010),R,97 min,7.3,68        
"2,258.",Dreamgirls,(2006),PG-13,130 min,6.6,76        
"2,259.",The Edge,(1997),A,117 min,6.9,66        
"2,260.",My Girl,(1991),U,102 min,6.9,56        
"2,261.",Doctor Zhivago,(1965),A,197 min,7.9,69        
"2,262.",Hotel Transylvania 2,(2015),U,89 min,6.6,44        
"2,263.",Practical Magic,(1998),A,104 min,6.3,47        
"2,264.","Synecdoche, New York",(2008),R,124 min,7.5,67        
"2,265.",Whip It,(2009),PG-13,111 min,6.9,68        
"2,266.",Walk Hard: The Dewey Cox Story,(2007),R,96 min,6.8,63        
"2,267.",La cité des enfants perdus,(1995),R,112 min,7.5,73        
"2,268.",MASH,(1970),A,116 min,7.4,80        
"2,269.",Jeux d'enfants,(2003),R,93 min,7.5,45        
"2,270.",[Rec]²,(2009),A,85 min,6.5,52        
"2,271.",Twin Peaks: Fire Walk with Me,(1992),Not Rated,134 min,7.3,45        
"2,272.",The Debt,(I) (2010),18,113 min,6.8,65        
"2,273.",The Iceman,(2012),A,106 min,6.8,60        
"2,274.",La grande bellezza,(2013),141 min,141 min,7.7,86        
"2,275.",I Still Know What You Did Last Summer,(1998),A,100 min,4.7,21        
"2,276.",Star Trek VI: The Undiscovered Country,(1991),U,110 min,7.2,65        
"2,277.",First Knight,(1995),U,134 min,6,57        
"2,278.",Happiness,(1998),Not Rated,134 min,7.7,81        
"2,279.",Big Eyes,(I) (2014),U,106 min,7,62        
"2,280.",Ôdishon,(1999),Not Rated,115 min,7.1,70        
"2,281.",Father of the Bride,(1991),U,105 min,6.5,51        
"2,282.",Fatal Attraction,(1987),A,119 min,6.9,67        
"2,283.",Haute tension,(2003),A,91 min,6.7,42        
"2,284.",A Very Harold & Kumar 3D Christmas,(2011),R,90 min,6.2,61        
"2,285.",Nikita,(1990),117 min,117 min,7.3,65        
"2,286.",Pretty in Pink,(1986),UA,97 min,6.7,56        
"2,287.",Horns,(2013),A,120 min,6.4,46        
"2,288.",Elizabeth: The Golden Age,(2007),PG-13,114 min,6.8,45        
"2,289.",Beerfest,(2006),R,110 min,6.2,46        
"2,290.",Wonder Boys,(2000),R,107 min,7.2,74        
"2,291.",Splash,(1983),U,111 min,6.3,71        
"2,292.",Hackers,(1995),U,105 min,6.2,46        
"2,293.",The 5th Wave,(2016),UA,112 min,5.2,33        
"2,294.",The Bridges of Madison County,(1995),A,135 min,7.6,69        
"2,295.",Død snø,(2009),92 min,92 min,6.3,61        
"2,296.",Harsh Times,(2005),R,116 min,6.8,56        
"2,297.",Short Term 12,(2013),R,96 min,7.9,82        
"2,298.",Arsenic and Old Lace,(1944),118 min,118 min,7.9,
"2,299.",Bottle Rocket,(1996),R,91 min,6.9,67        
"2,300.",Made of Honor,(2008),A,101 min,5.8,37        
"2,301.",Stigmata,(1999),R,103 min,6.2,28        
"2,302.",Seventh Son,(I) (2014),16,102 min,5.5,30        
"2,303.",Deliver Us from Evil,(I) (2014),A,118 min,6.2,40        
"2,304.",Jersey Girl,(2004),UA,102 min,6.2,43        
"2,305.",Mercury Rising,(1998),U,111 min,6.1,37        
"2,306.",Gunday,(2014),UA,152 min,2.7,
"2,307.",Strange Days,(1995),A,145 min,7.2,66        
"2,308.",Peter Pan,(2003),U,113 min,6.8,64        
"2,309.",Dead Man Down,(2013),R,118 min,6.4,39        
"2,310.",This Is Where I Leave You,(2014),R,103 min,6.6,44        
"2,311.",Open Range,(2003),U,139 min,7.4,67        
"2,312.",Into the Storm,(2014),UA 13+,89 min,5.8,44        
"2,313.",Surf's Up,(2007),PG,85 min,6.7,64        
"2,314.",Trolljegeren,(2010),PG-13,103 min,6.9,61        
"2,315.",Midnight Run,(1988),A,126 min,7.5,78        
"2,316.",The Devil's Double,(2011),R,109 min,7,52        
"2,317.",Mystery Men,(1999),PG-13,121 min,6.1,66        
"2,318.",Solaris,(1972),U,167 min,8,93        
"2,319.",Escape from L.A.,(1996),A,101 min,5.7,54        
"2,320.",My Super Ex-Girlfriend,(2006),PG-13,96 min,5.2,50        
"2,321.",The Spirit,(2008),PG-13,103 min,4.7,30        
"2,322.",TMNT,(2007),PG,87 min,6.2,41        
"2,323.",Midnight Express,(1978),A,121 min,7.5,59        
"2,324.",Fruitvale Station,(2013),R,85 min,7.5,85        
"2,325.",Insidious: Chapter 3,(2015),A,97 min,6.1,52        
"2,326.",The Man Who Shot Liberty Valance,(1962),U,123 min,8.1,94        
"2,327.",Coherence,(2013),89 min,89 min,7.2,65        
"2,328.",American Ultra,(2015),R,96 min,6.1,50        
"2,329.",The Princess Diaries 2: Royal Engagement,(2004),U,113 min,5.8,43        
"2,330.",The Eagle,(2011),PG-13,114 min,6.2,55        
"2,331.",Junior,(1994),U,109 min,4.7,59        
"2,332.",The Man with the Iron Fists,(2012),R,95 min,5.4,51        
"2,333.",Caché,(2005),R,117 min,7.3,87        
"2,334.",Saturday Night Fever,(1977),R,118 min,6.8,77        
"2,335.",The General,(1926),78 min,78 min,8.1,
"2,336.",Chinjeolhan geumjassi,(2005),A,115 min,7.5,75        
"2,337.",Three Amigos!,(1986),U,104 min,6.5,52        
"2,338.",Quiz Show,(1994),U,133 min,7.5,92        
"2,339.",Frank,(II) (2014),R,95 min,6.9,75        
"2,340.",Joy Ride,(2001),R,97 min,6.6,75        
"2,341.",Barfi!,(2012),U,151 min,8.1,
"2,342.",Red State,(2011),R,88 min,6.1,50        
"2,343.",Daddy's Home,(2015),UA,96 min,6.2,42        
"2,344.",The Boondock Saints II: All Saints Day,(2009),R,118 min,6.2,24        
"2,345.",The Water Diviner,(2014),R,111 min,7,50        
"2,346.",Karigurashi no Arietti,(2010),U,94 min,7.6,80        
"2,347.",The Wedding Ringer,(2015),A,101 min,6.6,35        
"2,348.",Gulliver's Travels,(2010),U,85 min,4.9,33        
"2,349.",The Wicker Man,(2006),PG-13,102 min,3.8,36        
"2,350.",Kiss of the Dragon,(2001),U,98 min,6.6,58        
"2,351.",Street Fighter,(1994),U,102 min,4,34        
"2,352.",Daylight,(1996),UA,114 min,5.9,47        
"2,353.",Pride and Glory,(2008),R,130 min,6.6,45        
"2,354.",Timeline,(2003),PG-13,116 min,5.6,29        
"2,355.",Bringing Out the Dead,(1999),R,121 min,6.8,72        
"2,356.",Walking Tall,(2004),PG-13,86 min,6.3,44        
"2,357.",48 Hrs.,(1982),A,96 min,6.9,71        
"2,358.",Machine Gun Preacher,(2011),R,129 min,6.7,43        
"2,359.",Norbit,(2007),PG-13,103 min,4.2,27        
"2,360.",Das weiße Band - Eine deutsche Kindergeschichte,(2009),UA,144 min,7.8,84        
"2,361.",City of Ember,(2008),PG,90 min,6.4,58        
"2,362.",Brooklyn's Finest,(2009),R,132 min,6.7,43        
"2,363.",The Informant!,(2009),R,108 min,6.5,66        
"2,364.",Dangerous Liaisons,(1988),A,119 min,7.6,74        
"2,365.",Sliding Doors,(1998),99 min,99 min,6.7,59        
"2,366.",Spawn,(1997),A,96 min,5.2,34        
"2,367.",The Dirty Dozen,(1967),U,150 min,7.7,73        
"2,368.",The Hundred-Foot Journey,(2014),PG,122 min,7.3,55        
"2,369.",Abre los ojos,(1997),U,119 min,7.7,
"2,370.",Chernobyl Diaries,(2012),R,86 min,5,
"2,371.",Frozen,(I) (2010),R,93 min,6.2,43        
"2,372.",Hannah and Her Sisters,(1986),107 min,107 min,7.8,90        
"2,373.",Luftslottet som sprängdes,(2009),R,147 min,7.3,60        
"2,374.",Robot & Frank,(2012),PG-13,89 min,7,67        
"2,375.",Freedom Writers,(2007),UA,123 min,7.6,64        
"2,376.",Agora,(2009),R,127 min,7.1,55        
"2,377.",The Karate Kid Part II,(1986),U,113 min,6.1,55        
"2,378.",Showtime,(2002),UA,95 min,5.5,32        
"2,379.",Observe and Report,(2009),R,86 min,5.7,54        
"2,380.",Black Snake Moan,(2006),R,116 min,6.9,52        
"2,381.",Out of Africa,(1985),U,161 min,7.1,69        
"2,382.",Breach,(2007),PG-13,110 min,7,74        
"2,383.",Titan A.E.,(2000),U,94 min,6.6,48        
"2,384.",Le pacte des loups,(2001),R,142 min,7,57        
"2,385.",The Saint,(1997),A,116 min,6.2,50        
"2,386.",Runner Runner,(2013),R,88 min,5.6,36        
"2,387.",Europa Report,(2013),PG-13,97 min,6.4,68        
"2,388.",El mariachi,(1992),R,81 min,6.8,73        
"2,389.",The Gift,(2000),R,112 min,6.7,62        
"2,390.",Land of the Lost,(2009),UA,102 min,5.3,32        
"2,391.",Superhero Movie,(2008),Not Rated,75 min,4.7,33        
"2,392.",S1m0ne,(2002),U,117 min,6.1,49        
"2,393.",The Thirteenth Floor,(1999),R,100 min,7,36        
"2,394.",The King of Comedy,(1982),U,109 min,7.8,73        
"2,395.",À bout de souffle,(1960),U,90 min,7.7,
"2,396.",Wimbledon,(2004),PG-13,98 min,6.3,59        
"2,397.",Fried Green Tomatoes,(1991),U,130 min,7.7,64        
"2,398.",In Her Shoes,(2005),UA,130 min,6.5,60        
"2,399.",Being There,(1979),130 min,130 min,7.9,83        
"2,400.",Salmon Fishing in the Yemen,(2011),UA,107 min,6.8,58        
"2,401.",Hummingbird,(I) (2013),A,100 min,6.2,43        
"2,402.",Invincible,(2006),PG,105 min,7,63        
"2,403.",Footloose,(1984),U,107 min,6.6,42        
"2,404.",Control,(2007),R,122 min,7.6,78        
"2,405.",xXx: State of the Union,(2005),U,101 min,4.5,37        
"2,406.",Jaws 2,(1978),A,116 min,5.8,51        
"2,407.",The Brave One,(2007),R,122 min,6.7,56        
"2,408.",Miss Congeniality 2: Armed and Fabulous,(2005),U,115 min,5.1,34        
"2,409.",Paranormal Activity 4,(2012),A,88 min,4.6,40        
"2,410.",Dorian Gray,(2009),R,112 min,6.2,
"2,411.",The 'Burbs,(1989),U,102 min,6.8,45        
"2,412.",The Duff,(2015),UA,101 min,6.4,56        
"2,413.",Finding Dory,(2016),U,97 min,7.2,77        
"2,414.",Oldboy,(2013),A,104 min,5.8,49        
"2,415.",Free Willy,(1993),PG,112 min,6,79        
"2,416.",When in Rome,(2010),PG-13,91 min,5.5,25        
"2,417.",Goal!,(2005),PG,118 min,6.7,53        
"2,418.",Hunger,(2008),96 min,96 min,7.5,82        
"2,419.",Candyman,(1992),A,99 min,6.7,61        
"2,420.",Halloween II,(1981),A,92 min,6.5,40        
"2,421.",The Lookout,(2007),R,99 min,7,73        
"2,422.",Everything Is Illuminated,(2005),PG-13,106 min,7.4,58        
"2,423.",A Simple Plan,(1998),R,121 min,7.5,81        
"2,424.",Kiss the Girls,(1997),A,115 min,6.6,46        
"2,425.",Ringu,(1998),UA,96 min,7.2,
"2,426.",Jûsan-nin no shikaku,(2010),R,141 min,7.5,84        
"2,427.",Going the Distance,(2010),R,103 min,6.3,51        
"2,428.",Penelope,(2006),U,104 min,6.7,48        
"2,429.",Cube 2: Hypercube,(2002),A,94 min,5.5,
"2,430.",Dirty Rotten Scoundrels,(1988),U,110 min,7.4,68        
"2,431.",Date Movie,(2006),A,83 min,2.8,11        
"2,432.",Arachnophobia,(1990),UA,109 min,6.5,67        
"2,433.",Gods of Egypt,(2016),UA,127 min,5.4,25        
"2,434.",Scary Movie 5,(2013),A,88 min,3.5,11        
"2,435.",That Thing You Do!,(1996),U,108 min,7,71        
"2,436.",The Philadelphia Story,(1940),112 min,112 min,7.9,96        
"2,437.",Drillbit Taylor,(2008),PG-13,110 min,5.7,41        
"2,438.",Appaloosa,(2008),R,115 min,6.7,64        
"2,439.",Christine,(1983),UA,110 min,6.8,57        
"2,440.",Firewall,(2006),UA,105 min,5.8,45        
"2,441.",Heavenly Creatures,(1994),UA,99 min,7.3,86        
"2,442.",The Specialist,(1994),UA,110 min,5.6,
"2,443.",The Blue Lagoon,(1980),UA,104 min,5.8,31        
"2,444.",What About Bob?,(1991),U,99 min,7,60        
"2,445.",The Outlaw Josey Wales,(1976),UA,135 min,7.8,69        
"2,446.",Charade,(1963),U,113 min,7.8,83        
"2,447.",My Left Foot: The Story of Christy Brown,(1989),U,103 min,7.8,97        
"2,448.",Fanboys,(2009),PG-13,120 min,6.5,45        
"2,449.",The November Man,(2014),A,108 min,6.3,38        
"2,450.",Celda 211,(2009),A,113 min,7.6,
"2,451.",Basic,(2003),R,98 min,6.4,34        
"2,452.",Manhunter,(1986),A,120 min,7.2,75        
"2,453.",Red Heat,(1988),A,104 min,6.1,61        
"2,454.",Cobra,(1986),A,87 min,5.8,25        
"2,455.",Everybody's Fine,(2009),PG-13,100 min,7.1,47        
"2,456.",Showgirls,(1995),A,128 min,5.1,23        
"2,457.",Silent Hill: Revelation,(2012),R,95 min,4.9,16        
"2,458.",Superman III,(1983),U,125 min,5,44        
"2,459.","As Above, So Below",(2014),16,93 min,6.2,39        
"2,460.",A Nightmare on Elm Street 3: Dream Warriors,(1987),UA,96 min,6.6,49        
"2,461.",The Stepford Wives,(2004),PG-13,93 min,5.3,42        
"2,462.","Paris, Texas",(1984),U,145 min,8.1,81        
"2,463.",The Hills Have Eyes II,(2007),R,89 min,5.1,32        
"2,464.",Bill & Ted's Bogus Journey,(1991),U,93 min,6.3,61        
"2,465.",Day of the Dead,(1985),A,101 min,7.1,60        
"2,466.",The Longest Ride,(2015),UA,123 min,7,33        
"2,467.",Nanny McPhee,(2005),U,97 min,6.6,59        
"2,468.",James and the Giant Peach,(1996),U,79 min,6.7,78        
"2,469.",Ri¢hie Ri¢h,(1994),U,95 min,5.4,49        
"2,470.",Vertical Limit,(2000),UA,124 min,5.9,48        
"2,471.",The F Word,(I) (2013),PG-13,98 min,6.8,59        
"2,472.",Daddy Day Care,(2003),U,92 min,5.6,39        
"2,473.",Mindhunters,(2004),R,106 min,6.3,33        
"2,474.",The First Time,(I) (2012),PG-13,95 min,6.8,55        
"2,475.",Beethoven,(1992),U,87 min,5.7,
"2,476.",Traitor,(2008),PG-13,114 min,6.9,61        
"2,477.",Proof of Life,(2000),UA,135 min,6.3,45        
"2,478.",In the Heat of the Night,(1967),U,110 min,7.9,76        
"2,479.",K-19: The Widowmaker,(2002),U,138 min,6.7,58        
"2,480.",The Darkest Hour,(2011),UA,89 min,4.9,18        
"2,481.",Little Shop of Horrors,(1986),UA,94 min,7.1,81        
"2,482.",Enough Said,(2013),PG-13,93 min,7,78        
"2,483.",Larry Crowne,(2011),UA,98 min,6.1,41        
"2,484.",The Haunting in Connecticut,(2009),PG-13,92 min,5.8,33        
"2,485.",Paddington,(2014),U,95 min,7.3,77        
"2,486.",The Family Stone,(2005),U,103 min,6.3,56        
"2,487.",La dolce vita,(1960),A,174 min,8,95        
"2,488.",In Good Company,(2004),PG-13,110 min,6.5,66        
"2,489.",Major League,(1989),U,107 min,7.2,62        
"2,490.",Waking Life,(2001),R,99 min,7.7,84        
"2,491.",Punisher: War Zone,(2008),A,103 min,5.9,30        
"2,492.",The Net,(I) (1995),U,114 min,6,51        
"2,493.",Halloween H20: 20 Years Later,(1998),A,86 min,5.8,52        
"2,494.",Nineteen Eighty-Four,(1984),A,113 min,7.1,67        
"2,495.",The Omen,(2006),A,110 min,5.5,43        
"2,496.",Eight Below,(2006),U,120 min,7.3,64        
"2,497.",BASEketball,(1998),R,103 min,6.5,38        
"2,498.",Ladder 49,(2004),UA,115 min,6.5,47        
"2,499.",Breaking the Waves,(1996),R,159 min,7.8,82        
"2,500.",Les rivières pourpres,(2000),A,106 min,6.9,49        
"2,501.",Independence Day: Resurgence,(2016),UA,120 min,5.2,32        
"2,502.",Before I Go to Sleep,(2014),R,92 min,6.3,41        
"2,503.",Win Win,(2011),R,106 min,7.1,75        
"2,504.",Never Say Never Again,(1983),UA,134 min,6.1,68        
"2,505.",Blast from the Past,(1999),UA,112 min,6.7,50        
"2,506.",Stripes,(1981),A,106 min,6.8,68        
"2,507.",De rouille et d'os,(2012),R,120 min,7.4,73        
"2,508.",Four Christmases,(2008),UA,88 min,5.7,41        
"2,509.",The Gambler,(III) (2014),R,111 min,6,55        
"2,510.",A Night at the Roxbury,(1998),UA,82 min,6.2,26        
"2,511.",Fainaru fantajî sebun adobento chirudoren,(2005),U,101 min,7.2,
"2,512.",The Nanny Diaries,(2007),PG-13,106 min,6.2,46        
"2,513.",I'm Not There,(2007),R,135 min,6.8,73        
"2,514.",The Replacements,(2000),UA,118 min,6.6,30        
"2,515.",Frankenstein,(1931),A,70 min,7.8,91        
"2,516.",Bangkok Dangerous,(2008),U,99 min,5.3,24        
"2,517.",Half Baked,(1998),R,82 min,6.6,16        
"2,518.",No Escape,(I) (2015),18,103 min,6.7,38        
"2,519.",Red Lights,(2012),A,114 min,6.2,36        
"2,520.",Turner & Hooch,(1989),U,97 min,6.2,36        
"2,521.",The Signal,(2014),PG-13,97 min,6,54        
"2,522.",What a Girl Wants,(2003),U,105 min,5.8,41        
"2,523.",Darkman,(1990),UA,96 min,6.4,65        
"2,524.",Something Borrowed,(2011),PG-13,112 min,5.8,36        
"2,525.",Dirty Grandpa,(2016),A,102 min,5.9,21        
"2,526.",Trouble with the Curve,(2012),UA,111 min,6.8,58        
"2,527.",The Ten Commandments,(1956),U,220 min,7.9,
"2,528.",Save the Last Dance,(2001),U,112 min,6.2,53        
"2,529.",Dick Tracy,(1990),U,105 min,6.2,68        
"2,530.",Mr. Peabody & Sherman,(2014),U,92 min,6.8,59        
"2,531.",Urban Legend,(1998),A,99 min,5.6,35        
"2,532.",El espinazo del diablo,(2001),UA,106 min,7.4,78        
"2,533.",Indecent Proposal,(1993),A,117 min,6,45        
"2,534.",Far and Away,(1992),UA,140 min,6.6,49        
"2,535.",The Wicker Man,(1973),Not Rated,88 min,7.5,87        
"2,536.",Ella Enchanted,(2004),U,96 min,6.3,53        
"2,537.",The Witches of Eastwick,(1987),UA,118 min,6.5,67        
"2,538.",Red Planet,(2000),UA,106 min,5.7,34        
"2,539.",The Great Debaters,(2007),PG-13,126 min,7.5,65        
"2,540.",The Midnight Meat Train,(2008),R,98 min,6,58        
"2,541.",Kurenai no buta,(1992),U,94 min,7.7,83        
"2,542.",America's Sweethearts,(2001),PG-13,102 min,5.7,44        
"2,543.",Der Himmel über Berlin,(1987),U,128 min,7.9,79        
"2,544.",Goosebumps,(2015),UA,103 min,6.3,60        
"2,545.",The Nice Guys,(2016),18,116 min,7.4,70        
"2,546.",Fetih 1453,(2012),162 min,162 min,6.5,
"2,547.",Sabotage,(2014),A,109 min,5.7,41        
"2,548.",The Animal,(2001),PG-13,84 min,4.8,43        
"2,549.",Fish Tank,(2009),Not Rated,123 min,7.3,81        
"2,550.",Charlie St. Cloud,(2010),PG-13,100 min,6.4,37        
"2,551.",Step Up 3D,(2010),UA,107 min,6.2,45        
"2,552.",Apollo 18,(2011),PG-13,86 min,5.2,24        
"2,553.",Rendition,(2007),R,122 min,6.8,55        
"2,554.",Badlands,(1973),U,94 min,7.7,93        
"2,555.",The Possession,(I) (2012),A,92 min,5.9,45        
"2,556.",Mortdecai,(2015),UA,107 min,5.5,27        
"2,557.",Nochnoy dozor,(2004),R,114 min,6.4,58        
"2,558.",Dil Chahta Hai,(2001),Unrated,183 min,8.1,
"2,559.",Sanctum,(2011),R,108 min,5.9,42        
"2,560.",Friday Night Lights,(2004),UA,118 min,7.2,70        
"2,561.",Takers,(2010),PG-13,107 min,6.2,45        
"2,562.",Duck Soup,(1933),69 min,69 min,7.7,93        
"2,563.",All Quiet on the Western Front,(1930),U,152 min,8.1,91        
"2,564.",We Are Marshall,(2006),U,131 min,7,53        
"2,565.",Like Crazy,(2011),PG-13,86 min,6.6,68        
"2,566.",Jack,(1996),PG-13,113 min,5.8,31        
"2,567.",Excalibur,(1981),A,140 min,7.3,56        
"2,568.",La strada,(1954),108 min,108 min,8,
"2,569.",Coffee and Cigarettes,(2003),UA,95 min,7,65        
"2,570.",Anatomy of a Murder,(1959),A,161 min,8,95        
"2,571.",The Peacemaker,(1997),A,124 min,6,43        
"2,572.",Stepmom,(1998),U,125 min,6.8,58        
"2,573.",Grudge Match,(2013),A,113 min,6.4,35        
"2,574.",The Fog,(1980),UA,89 min,6.8,55        
"2,575.",The Ice Storm,(1997),A,112 min,7.3,72        
"2,576.","Legally Blonde 2: Red, White & Blonde",(2003),U,95 min,4.8,47        
"2,577.",Bullitt,(1968),A,114 min,7.4,81        
"2,578.",The Awakening,(I) (2011),R,102 min,6.4,53        
"2,579.",The Ghost and the Darkness,(1996),A,110 min,6.8,46        
"2,580.",Duplex,(2003),A,89 min,5.9,50        
"2,581.",To Catch a Thief,(1955),A,106 min,7.4,82        
"2,582.",The Sweetest Thing,(2002),A,84 min,5.2,32        
"2,583.",Top Secret!,(1984),UA,90 min,7.2,68        
"2,584.",Dream House,(2011),PG-13,92 min,6,35        
"2,585.",The Rainmaker,(1997),U,135 min,7.2,72        
"2,586.",Becoming Jane,(2007),PG,120 min,7,55        
"2,587.",RV,(2006),PG,99 min,5.6,33        
"2,588.",Wristcutters: A Love Story,(2006),R,88 min,7.2,62        
"2,589.",Away We Go,(2009),R,98 min,7,58        
"2,590.",Cats & Dogs,(2001),U,87 min,5.1,47        
"2,591.",Benny & Joon,(1993),UA,98 min,7.1,57        
"2,592.",Boksuneun naui geot,(2002),UA,129 min,7.5,59        
"2,593.",Hoodwinked!,(2005),U,80 min,6.5,45        
"2,594.",Time Bandits,(1981),U,116 min,6.9,79        
"2,595.",Out of Time,(I) (2003),A,105 min,6.5,63        
"2,596.",Best in Show,(2000),PG-13,90 min,7.4,78        
"2,597.",Flight of the Phoenix,(2004),U,113 min,6.1,47        
"2,598.",Drinking Buddies,(2013),R,90 min,6.1,71        
"2,599.",The Client,(1994),UA,119 min,6.7,65        
"2,600.",The Whole Ten Yards,(2004),PG-13,98 min,5.5,24        
"2,601.",Legend,(1985),U,94 min,6.3,30        
"2,602.",The Remains of the Day,(1993),U,134 min,7.8,86        
"2,603.",Jonah Hex,(2010),PG-13,81 min,4.7,33        
"2,604.",A Most Violent Year,(2014),R,125 min,7,79        
"2,605.",Animal Kingdom,(2010),R,113 min,7.2,83        
"2,606.",Arthur,(I) (2011),UA,110 min,5.7,36        
"2,607.",My Bloody Valentine,(2009),A,101 min,5.4,51        
"2,608.",The Devil's Own,(1997),A,111 min,6.2,52        
"2,609.",Suspiria,(1977),A,99 min,7.3,79        
"2,610.",13 Hours,(2016),A,144 min,7.3,48        
"2,611.",Two Night Stand,(2014),A,86 min,6.3,45        
"2,612.",Shallow Grave,(1994),R,89 min,7.3,67        
"2,613.",The Astronaut's Wife,(1999),A,109 min,5.4,38        
"2,614.",Dog Soldiers,(2002),A,105 min,6.8,
"2,615.",Chak De! India,(2007),U,153 min,8.1,68        
"2,616.",Stealth,(2005),PG-13,121 min,5.1,35        
"2,617.",The Book of Life,(2014),PG,95 min,7.2,67        
"2,618.",Gangs of Wasseypur,(2012),A,321 min,8.2,89        
"2,619.",Straw Dogs,(1971),A,113 min,7.4,73        
"2,620.",Step Up Revolution,(2012),UA,99 min,6.4,43        
"2,621.",La mala educación,(2004),A,106 min,7.4,81        
"2,622.",House on Haunted Hill,(1999),A,93 min,5.6,28        
"2,623.",Bernie,(2011),PG-13,99 min,6.8,75        
"2,624.",Enter the Void,(2009),A,161 min,7.2,69        
"2,625.",Tristan + Isolde,(2006),PG-13,125 min,6.8,49        
"2,626.",The Legend of Bagger Vance,(2000),U,126 min,6.7,47        
"2,627.",Shadow of a Doubt,(1943),108 min,108 min,7.8,94        
"2,628.",The Right Stuff,(1983),UA,193 min,7.8,91        
"2,629.",Magic in the Moonlight,(2014),PG-13,97 min,6.5,54        
"2,630.",Thirteen Days,(2000),PG-13,145 min,7.3,67        
"2,631.",The Art of Getting By,(2011),PG-13,83 min,6.5,36        
"2,632.",The Condemned,(2007),R,114 min,6,23        
"2,633.",LOL,(2012),A,97 min,4.4,
"2,634.",Jeepers Creepers 2,(2003),A,106 min,5.7,36        
"2,635.",Stand Up Guys,(2012),R,95 min,6.4,41        
"2,636.",The Majestic,(2001),UA,152 min,6.9,27        
"2,637.",Wicker Park,(2004),PG-13,114 min,6.9,40        
"2,638.",Dark Water,(2005),PG-13,105 min,5.6,52        
"2,639.",Original Sin,(2001),U,116 min,6,33        
"2,640.",The Legend of Hercules,(2014),UA,99 min,4.2,22        
"2,641.",The Young Victoria,(2009),PG,105 min,7.2,64        
"2,642.",Keeping the Faith,(2000),U,128 min,6.4,60        
"2,643.",Bringing Up Baby,(1938),102 min,102 min,7.8,91        
"2,644.",Spy Kids 2: Island of Lost Dreams,(2002),U,100 min,5.3,66        
"2,645.",Quills,(2000),Not Rated,124 min,7.2,70        
"2,646.",The Sisterhood of the Traveling Pants,(2005),U,119 min,6.5,66        
"2,647.","4 luni, 3 saptamâni si 2 zile",(2007),113 min,113 min,7.9,97        
"2,648.",Cocoon,(1985),U,117 min,6.7,65        
"2,649.",The Dead Zone,(1983),A,103 min,7.2,69        
"2,650.",Kynodontas,(2009),97 min,97 min,7.2,73        
"2,651.",Zookeeper,(2011),U,102 min,5.2,30        
"2,652.",Marathon Man,(1976),A,125 min,7.4,64        
"2,653.",Underground,(1995),170 min,170 min,8.1,79        
"2,654.",The Mighty Ducks,(1992),PG,104 min,6.6,46        
"2,655.",Stuck on You,(2003),PG-13,118 min,5.8,62        
"2,656.",Dennis the Menace,(1993),U,94 min,5.7,49        
"2,657.",Timecop,(1994),A,99 min,5.9,48        
"2,658.",Harvey,(1950),104 min,104 min,7.9,
"2,659.",The Rules of Attraction,(2002),Not Rated,110 min,6.6,50        
"2,660.",Sabrina,(1954),113 min,113 min,7.6,72        
"2,661.",Judgment at Nuremberg,(1961),A,179 min,8.3,60        
"2,662.",Last Man Standing,(1996),A,101 min,6.4,44        
"2,663.",Soldier,(I) (1998),A,99 min,6,
"2,664.",Trois couleurs: Blanc,(1994),U,92 min,7.6,91        
"2,665.",Casanova,(2005),R,112 min,6.5,57        
"2,666.",My Blueberry Nights,(2007),PG-13,95 min,6.6,51        
"2,667.",The World's Fastest Indian,(2005),U,127 min,7.8,68        
"2,668.",Heartbreakers,(2001),PG-13,123 min,6.2,47        
"2,669.",In the Loop,(2009),106 min,106 min,7.4,83        
"2,670.",Les choristes,(2004),PG-13,97 min,7.8,56        
"2,671.",The Eye,(2008),PG-13,98 min,5.4,36        
"2,672.",The Soloist,(2009),PG-13,117 min,6.7,61        
"2,673.",The Mission,(1986),UA,125 min,7.4,55        
"2,674.",Crocodile Dundee II,(1988),U,108 min,5.7,41        
"2,675.",Just My Luck,(2006),U,108 min,5.4,29        
"2,676.",Funny Games,(1997),A,108 min,7.5,69        
"2,677.",Paprika,(2006),U,90 min,7.7,81        
"2,678.",Cry-Baby,(1990),U,85 min,6.5,63        
"2,679.",Unfriended,(2014),R,83 min,5.6,59        
"2,680.",Soylent Green,(1973),U,97 min,7,66        
"2,681.",Cassandra's Dream,(2007),PG-13,108 min,6.6,49        
"2,682.",Spirit: Stallion of the Cimarron,(2002),U,83 min,7.2,52        
"2,683.",Sneakers,(1992),U,126 min,7.1,65        
"2,684.",Hesher,(2010),R,106 min,6.9,45        
"2,685.",Queen of the Damned,(2002),A,101 min,5.2,30        
"2,686.",The Game Plan,(2007),U,110 min,6.4,44        
"2,687.",Lords of Dogtown,(2005),PG-13,107 min,7.1,56        
"2,688.",Frances Ha,(2012),R,86 min,7.4,82        
"2,689.",The Frozen Ground,(2013),UA,105 min,6.4,37        
"2,690.",Take Me Home Tonight,(2011),R,114 min,6.3,42        
"2,691.",V/H/S,(2012),A,116 min,5.8,54        
"2,692.",Session 9,(2001),R,100 min,6.4,58        
"2,693.",High School Musical 3: Senior Year,(2008),U,112 min,5,57        
"2,694.",Eight Legged Freaks,(2002),UA,99 min,5.5,53        
"2,695.",The Dilemma,(2011),UA,111 min,5.3,46        
"2,696.",The Rocketeer,(1991),U,108 min,6.6,58        
"2,697.",Hart's War,(2002),UA,125 min,6.3,49        
"2,698.",Concussion,(2015),PG-13,123 min,7.1,55        
"2,699.",Kal Ho Naa Ho,(2003),U,186 min,7.9,54        
"2,700.",Star Trek V: The Final Frontier,(1989),U,107 min,5.5,43        
"2,701.",Murder by Numbers,(2002),A,115 min,6.2,50        
"2,702.",Wolf,(1994),A,125 min,6.3,
"2,703.",Short Circuit,(1986),U,98 min,6.6,50        
"2,704.",Chaos,(II) (2005),R,106 min,6.4,
"2,705.",Alfie,(2004),R,103 min,6.2,49        
"2,706.",A Nightmare on Elm Street Part 2: Freddy's Revenge,(1985),A,87 min,5.4,43        
"2,707.",Secondhand Lions,(2003),Not Rated,111 min,7.5,52        
"2,708.",Hudson Hawk,(1991),UA,100 min,5.7,17        
"2,709.",The Gods Must Be Crazy,(1980),18,109 min,7.3,73        
"2,710.",Race to Witch Mountain,(2009),U,98 min,5.7,52        
"2,711.",The Love Guru,(2008),UA,87 min,3.8,24        
"2,712.",Stalag 17,(1953),120 min,120 min,8,84        
"2,713.",Monster-in-Law,(2005),PG-13,101 min,5.6,31        
"2,714.",Kaze tachinu,(2013),Not Rated,126 min,7.8,83        
"2,715.",The Collector,(I) (2009),R,90 min,6.3,29        
"2,716.",The Longest Day,(1962),U,178 min,7.7,75        
"2,717.",Magnum Force,(1973),A,124 min,7.2,58        
"2,718.",Fanny och Alexander,(1982),A,188 min,8.1,100        
"2,719.",Dilwale Dulhania Le Jayenge,(1995),U,189 min,8,
"2,720.",The Proposition,(2005),A,104 min,7.3,73        
"2,721.",In the Mouth of Madness,(1994),A,95 min,7.1,53        
"2,722.",The Rescuers,(1977),77 min,77 min,6.9,74        
"2,723.",Knock Knock,(I) (2015),A,99 min,4.9,53        
"2,724.",Sexy Beast,(2000),R,89 min,7.3,79        
"2,725.",Great Expectations,(1998),A,111 min,6.8,55        
"2,726.",The American President,(1995),U,114 min,6.8,68        
"2,727.",Ajeossi,(2010),7,119 min,7.7,
"2,728.",Trumbo,(2015),R,124 min,7.4,60        
"2,729.",Ghosts of Mars,(2001),UA,98 min,4.9,35        
"2,730.",Valhalla Rising,(2009),93 min,93 min,6,61        
"2,731.",Road House,(1989),114 min,114 min,6.7,36        
"2,732.",Chaplin,(1992),PG-13,143 min,7.5,47        
"2,733.",Shine,(1996),Not Rated,105 min,7.6,87        
"2,734.",The 51st State,(2001),R,93 min,6.3,23        
"2,735.",Beavis and Butt-Head Do America,(1996),PG-13,81 min,6.8,64        
"2,736.",Crimes and Misdemeanors,(1989),104 min,104 min,7.8,77        
"2,737.",Zindagi Na Milegi Dobara,(2011),U,155 min,8.2,
"2,738.",The Best of Me,(2014),A,118 min,6.7,29        
"2,739.",National Lampoon's European Vacation,(1985),U,95 min,6.2,47        
"2,740.",Transsiberian,(2008),R,111 min,6.6,72        
"2,741.",Teenage Mutant Ninja Turtles II: The Secret of the Ooze,(1991),U,88 min,6,45        
"2,742.",Rio Bravo,(1959),141 min,141 min,8,93        
"2,743.",The Jerk,(1979),94 min,94 min,7.1,61        
"2,744.",Kinsey,(2004),R,118 min,7.1,79        
"2,745.",Lake Placid,(1999),A,82 min,5.8,34        
"2,746.",Koroshiya 1,(2001),Not Rated,129 min,7,55        
"2,747.","Janghwa, Hongryeon",(2003),UA,114 min,7.1,65        
"2,748.",Cheaper by the Dozen 2,(2005),U,94 min,5.5,34        
"2,749.",The General's Daughter,(1999),A,116 min,6.4,47        
"2,750.",Fucking Åmål,(1998),89 min,89 min,7.5,73        
"2,751.",Vampires,(1998),A,108 min,6.1,42        
"2,752.",The Pledge,(I) (2001),A,124 min,6.8,71        
"2,753.",How High,(2001),R,93 min,6.2,29        
"2,754.",Fright Night,(1985),A,106 min,7.1,62        
"2,755.",Young Guns,(1988),UA,107 min,6.8,50        
"2,756.",15 Minutes,(2001),UA,120 min,6.1,34        
"2,757.",Frankenstein,(1994),A,123 min,6.3,49        
"2,758.",Gnomeo & Juliet,(2011),84 min,84 min,5.9,53        
"2,759.",Rudy,(1993),U,114 min,7.5,71        
"2,760.",Les triplettes de Belleville,(2003),PG-13,80 min,7.7,91        
"2,761.",Blue Ruin,(2013),R,90 min,7.1,78        
"2,762.",Bulletproof Monk,(2003),UA,104 min,5.4,40        
"2,763.",Copycat,(1995),A,123 min,6.6,54        
"2,764.",Jab Tak Hai Jaan,(2012),UA,198 min,6.7,
"2,765.",Crash,(1996),Not Rated,100 min,6.4,53        
"2,766.",Open Water,(2003),U,79 min,5.8,63        
"2,767.",U Turn,(1997),R,125 min,6.7,54        
"2,768.",Star Wars: The Clone Wars,(2008),U,98 min,5.9,35        
"2,769.",The Unborn,(2009),PG-13,88 min,4.7,30        
"2,770.",The Sentinel,(2006),UA,108 min,6.1,49        
"2,771.",Ikiru,(1952),U,143 min,8.3,92        
"2,772.",The Man Who Knew Too Much,(1956),U,120 min,7.4,76        
"2,773.",The Killing Fields,(1984),A,141 min,7.8,76        
"2,774.",Inland Empire,(2006),UA,180 min,6.8,73        
"2,775.",American Splendor,(2003),R,101 min,7.4,90        
"2,776.",Coneheads,(1993),U,88 min,5.4,49        
"2,777.",Les diaboliques,(1955),117 min,117 min,8.1,
"2,778.",Kalifornia,(1993),R,117 min,6.7,49        
"2,779.",The East,(2013),PG-13,116 min,6.8,68        
"2,780.",The Player,(1992),UA,124 min,7.5,86        
"2,781.",White Noise,(I) (2005),PG-13,101 min,5.5,30        
"2,782.",A River Runs Through It,(1992),U,123 min,7.2,68        
"2,783.",Red Dawn,(1984),U,114 min,6.3,53        
"2,784.",Duplicity,(2009),PG-13,125 min,6.1,69        
"2,785.",Innerspace,(1987),U,120 min,6.8,66        
"2,786.",The Brothers Bloom,(2008),PG-13,114 min,6.7,55        
"2,787.",Veronica Mars,(2014),PG-13,107 min,6.7,62        
"2,788.",Rent,(2005),A,135 min,6.8,53        
"2,789.",I Spy,(2002),A,97 min,5.4,35        
"2,790.",Poltergeist,(2015),A,93 min,4.9,47        
"2,791.",Perfect Sense,(2011),R,92 min,7,55        
"2,792.",The Dark Crystal,(1982),Not Rated,93 min,7.1,66        
"2,793.",Gigli,(2003),U,121 min,2.6,18        
"2,794.",Joe Dirt,(2001),U,91 min,6,20        
"2,795.",Bajrangi Bhaijaan,(2015),UA,163 min,8.1,
"2,796.",The Experiment,(2010),R,96 min,6.4,
"2,797.",The Three Musketeers,(1993),U,105 min,6.4,43        
"2,798.",Arbitrage,(2012),A,107 min,6.6,73        
"2,799.",Orange County,(2002),PG-13,82 min,6.2,48        
"2,800.",Autómata,(I) (2014),R,109 min,6,37        
"2,801.",The Last Exorcism,(2010),PG-13,87 min,5.7,63        
"2,802.",The Adventures of Baron Munchausen,(1988),U,126 min,7.1,69        
"2,803.",2046,(2004),R,129 min,7.4,78        
"2,804.",Beasts of No Nation,(2015),UA 16+,137 min,7.7,79        
"2,805.",Calvary,(2014),R,102 min,7.4,77        
"2,806.",Allegiant,(2016),13,120 min,5.7,33        
"2,807.",Mouse Hunt,(1997),U,98 min,6.5,53        
"2,808.",Mr. Holmes,(2015),PG,104 min,6.8,67        
"2,809.",Pee-wee's Big Adventure,(1985),U,91 min,7,47        
"2,810.",2010: The Year We Make Contact,(1984),116 min,116 min,6.7,53        
"2,811.",A Wednesday,(2008),UA,104 min,8.1,
"2,812.",The Crying Game,(1992),Not Rated,112 min,7.2,90        
"2,813.",Don Juan DeMarco,(1994),PG-13,97 min,6.7,63        
"2,814.",Boiler Room,(2000),R,120 min,7,63        
"2,815.",You Again,(2010),U,105 min,5.7,28        
"2,816.",Vampire Academy,(2014),A,104 min,5.4,31        
"2,817.",Rachel Getting Married,(2008),R,113 min,6.7,85        
"2,818.",Planet 51,(2009),PG,91 min,6,39        
"2,819.",Deuce Bigalow: European Gigolo,(2005),A,83 min,4.7,23        
"2,820.",Winter's Tale,(2014),A,118 min,6.1,31        
"2,821.",All Good Things,(2010),R,101 min,6.3,57        
"2,822.",Lions for Lambs,(2007),UA,92 min,6.2,47        
"2,823.",Working Girl,(1988),UA,113 min,6.8,73        
"2,824.",His Girl Friday,(1940),92 min,92 min,7.8,
"2,825.",Bound,(1996),A,109 min,7.3,64        
"2,826.",Blow-Up,(1966),A,111 min,7.5,82        
"2,827.",Rumor Has It...,(2005),UA,97 min,5.5,35        
"2,828.",Untraceable,(2008),R,101 min,6.2,32        
"2,829.",W.,(I) (2008),UA,129 min,6.3,56        
"2,830.",La leggenda del pianista sull'oceano,(1998),Not Rated,169 min,8,58        
"2,831.",Gegen die Wand,(2004),R,121 min,7.9,78        
"2,832.",Dave,(1993),UA,110 min,6.9,76        
"2,833.",Executive Decision,(1996),U,133 min,6.5,62        
"2,834.",Bhaag Milkha Bhaag,(2013),U,186 min,8.2,
"2,835.",Diary of the Dead,(2007),UA,95 min,5.5,66        
"2,836.",Don't Be Afraid of the Dark,(2010),R,99 min,5.5,56        
"2,837.",Los cronocrímenes,(2007),R,92 min,7.1,68        
"2,838.","Crna macka, beli macor",(1998),R,127 min,8,73        
"2,839.",The Boxtrolls,(2014),PG,96 min,6.8,61        
"2,840.",Youth,(I) (2015),R,124 min,7.3,64        
"2,841.",Son of the Mask,(2005),U,94 min,2.3,20        
"2,842.",Walk of Shame,(2014),R,95 min,6,25        
"2,843.",Munna Bhai M.B.B.S.,(2003),U,156 min,8.1,
"2,844.",The Back-up Plan,(2010),PG-13,104 min,5.3,34        
"2,845.",Rabbit Hole,(2010),PG-13,91 min,7,76        
"2,846.",The Benchwarmers,(2006),U,85 min,5.5,25        
"2,847.",Wet Hot American Summer,(2001),R,97 min,6.5,42        
"2,848.",The Matador,(2005),R,96 min,6.7,65        
"2,849.",Zatôichi,(2003),R,116 min,7.5,75        
"2,850.",Taxi 2,(2000),UA,88 min,6.5,
"2,851.",Queen,(2013),UA,146 min,8.1,
"2,852.",Lakeview Terrace,(2008),110 min,110 min,6.2,47        
"2,853.",Where Eagles Dare,(1968),U,158 min,7.6,63        
"2,854.",Chariots of Fire,(1981),U,125 min,7.1,78        
"2,855.",Martha Marcy May Marlene,(2011),R,102 min,6.8,75        
"2,856.",Chung Hing sam lam,(1994),U,102 min,8,78        
"2,857.",Don't Say a Word,(2001),U,113 min,6.3,38        
"2,858.",Chain Reaction,(1996),UA,107 min,5.6,43        
"2,859.",Grave Encounters,(2011),92 min,92 min,6.1,33        
"2,860.",London Boulevard,(2010),R,103 min,6.2,52        
"2,861.",The Best Years of Our Lives,(1946),170 min,170 min,8.1,93        
"2,862.",Saved!,(2004),PG-13,92 min,6.7,62        
"2,863.",Everything Must Go,(2010),R,97 min,6.4,65        
"2,864.",Child 44,(2015),18,137 min,6.4,41        
"2,865.",Terms of Endearment,(1983),A,132 min,7.4,79        
"2,866.",A Bridge Too Far,(1977),U,175 min,7.4,63        
"2,867.",Me Before You,(2016),UA,110 min,7.4,51        
"2,868.",Night on Earth,(1991),R,129 min,7.7,68        
"2,869.",Spy Kids 3: Game Over,(2003),U,84 min,4.4,57        
"2,870.",Bronenosets Potemkin,(1925),75 min,75 min,7.9,97        
"2,871.",Courage Under Fire,(1996),UA,116 min,6.6,77        
"2,872.",The 39 Steps,(1935),86 min,86 min,7.6,93        
"2,873.",Dead Man's Shoes,(2004),90 min,90 min,7.5,52        
"2,874.",Re-Animator,(1985),A,84 min,7.2,73        
"2,875.",Revenge of the Nerds,(1984),90 min,90 min,6.6,44        
"2,876.",Freddy Got Fingered,(2001),A,87 min,4.6,13        
"2,877.",Logan's Run,(1976),U,119 min,6.8,53        
"2,878.",The Golden Child,(1986),U,94 min,6,37        
"2,879.",The Return of the Living Dead,(1985),A,91 min,7.3,66        
"2,880.",Bride of Chucky,(1998),A,89 min,5.6,48        
"2,881.",The Beaver,(2011),PG-13,91 min,6.6,60        
"2,882.",The Last Temptation of Christ,(1988),A,164 min,7.5,80        
"2,883.",Bad Company,(2002),PG-13,116 min,5.6,37        
"2,884.",Friday the 13th Part 2,(1981),87 min,87 min,6.1,26        
"2,885.","New York, I Love You",(2008),R,103 min,6.2,49        
"2,886.",Pan,(2015),U,111 min,5.7,36        
"2,887.",The Jewel of the Nile,(1985),U,106 min,6.1,53        
"2,888.",After Hours,(I) (1985),UA,97 min,7.6,90        
"2,889.",Aloha,(I) (2015),PG-13,105 min,5.4,40        
"2,890.",The Producers,(1967),U,88 min,7.5,96        
"2,891.",The Covenant,(2006),A,97 min,5.2,19        
"2,892.",Absolute Power,(1997),A,121 min,6.7,52        
"2,893.",Menace II Society,(1993),A,97 min,7.5,76        
"2,894.",Little Man,(III) (2006),PG-13,98 min,4.5,26        
"2,895.",Srpski film,(2010),A,104 min,5,
"2,896.",Pale Rider,(1985),UA,115 min,7.3,61        
"2,897.",Nutty Professor II: The Klumps,(2000),PG-13,106 min,4.5,38        
"2,898.",The Hole,(2001),Not Rated,102 min,6.2,
"2,899.",Very Bad Things,(1998),R,100 min,6.3,33        
"2,900.",Black Rain,(1989),A,125 min,6.6,56        
"2,901.",Draft Day,(I) (2014),PG-13,110 min,6.8,54        
"2,902.",Last Night,(I) (2010),A,93 min,6.5,50        
"2,903.",The Runaways,(2010),R,106 min,6.5,65        
"2,904.",City Slickers,(1991),113 min,113 min,6.8,70        
"2,905.",Bullet to the Head,(2012),A,92 min,5.7,48        
"2,906.",Life as a House,(2001),UA,125 min,7.4,45        
"2,907.",Vampires Suck,(2010),PG-13,82 min,3.4,18        
"2,908.",The Rebound,(2009),UA 13+,95 min,6.3,
"2,909.",Grimsby,(2016),A,83 min,6.2,44        
"2,910.",National Security,(2003),PG-13,88 min,5.6,31        
"2,911.",THX 1138,(1971),U,86 min,6.6,75        
"2,912.",Sisters,(III) (2015),R,118 min,6,58        
"2,913.",Das Cabinet des Dr. Caligari,(1920),76 min,76 min,8,
"2,914.",Jason X,(2001),A,92 min,4.4,25        
"2,915.",Alive,(1993),U,128 min,7.1,56        
"2,916.",Bubba Ho-Tep,(2002),R,92 min,6.9,57        
"2,917.",Cannibal Holocaust,(1980),A,95 min,5.8,22        
"2,918.",Police Academy 2: Their First Assignment,(1985),U,87 min,5.8,39        
"2,919.",The Adventures of Robin Hood,(1938),PG,102 min,7.9,97        
"2,920.",Seeking Justice,(2011),R,105 min,6.1,38        
"2,921.",Blackhat,(2015),UA,133 min,5.5,52        
"2,922.",French Kiss,(1995),U,111 min,6.6,50        
"2,923.",The Grudge 2,(2006),UA,102 min,5,33        
"2,924.",Dip huet seung hung,(1989),R,111 min,7.8,82        
"2,925.",Jin ling shi san chai,(2011),R,146 min,7.5,46        
"2,926.",Bin-jip,(2004),U,88 min,7.9,72        
"2,927.",Okuribito,(2008),PG-13,130 min,8,68        
"2,928.",Frantic,(1988),U,120 min,6.8,66        
"2,929.",Salò o le 120 giornate di Sodoma,(1975),A,117 min,5.8,
"2,930.",La pianiste,(2001),A,131 min,7.5,79        
"2,931.",The Fan,(1996),UA,116 min,5.9,32        
"2,932.",Lat sau san taam,(1992),A,128 min,7.7,
"2,933.",DOA: Dead or Alive,(2006),UA,87 min,4.8,38        
"2,934.",Fair Game,(I) (2010),(Banned),108 min,6.8,69        
"2,935.",In the Name of the King: A Dungeon Siege Tale,(2007),UA,127 min,3.8,15        
"2,936.",Dinosaur,(2000),PG,82 min,6.4,56        
"2,937.",Don 2,(2011),UA,148 min,7.1,49        
"2,938.",Breakdown,(I) (1997),R,93 min,7,74        
"2,939.",Bad Words,(2013),R,89 min,6.6,57        
"2,940.","Aguirre, der Zorn Gottes",(1972),95 min,95 min,7.8,
"2,941.",Weekend at Bernie's,(1989),UA,97 min,6.4,32        
"2,942.",A Man Apart,(2003),R,109 min,6,36        
"2,943.",After the Sunset,(2004),PG-13,97 min,6.2,38        
"2,944.",11:14,(2003),R,86 min,7.1,65        
"2,945.",Empire Records,(1995),UA,90 min,6.7,47        
"2,946.",Gomorra,(2008),137 min,137 min,7,87        
"2,947.",Dangerous Minds,(1995),U,99 min,6.5,46        
"2,948.",Super Mario Bros.,(1993),PG,104 min,4.1,35        
"2,949.",The Wedding Date,(2005),UA,90 min,6.1,32        
"2,950.",Nueve reinas,(2000),R,114 min,7.9,80        
"2,951.",Bobby,(I) (2006),R,117 min,7,54        
"2,952.",Kahaani,(2012),UA,122 min,8.1,
"2,953.",Wes Craven's New Nightmare,(1994),UA,112 min,6.4,64        
"2,954.",The Last Kiss,(2006),R,115 min,6.4,57        
"2,955.",3000 Miles to Graceland,(2001),R,125 min,6,21        
"2,956.",Che: Part One,(2008),134 min,134 min,7.1,
"2,957.",An Officer and a Gentleman,(1982),A,124 min,7,75        
"2,958.",Psycho,(1998),A,105 min,4.6,47        
"2,959.",Don't Be a Menace to South Central While Drinking Your Juice in the Hood,(1996),R,89 min,6.5,53        
"2,960.",Magic Mike XXL,(2015),A,115 min,5.6,61        
"2,961.",The Pink Panther,(1963),115 min,115 min,7,55        
"2,962.",How to Be Single,(2016),A,110 min,6.1,51        
"2,963.",Flash Gordon,(1980),U,111 min,6.5,58        
"2,964.",The Good Girl,(2002),A,93 min,6.4,71        
"2,965.",Now You See Me 2,(2016),UA,129 min,6.4,46        
"2,966.",An American Tail,(1986),80 min,80 min,6.9,38        
"2,967.",Tin Cup,(1996),UA,135 min,6.4,60        
"2,968.",Kung Pow: Enter the Fist,(2002),PG-13,81 min,6.2,14        
"2,969.",Can't Hardly Wait,(1998),U,100 min,6.5,53        
"2,970.",The War of the Roses,(1989),UA,116 min,6.8,80        
"2,971.",The Money Pit,(1986),U,91 min,6.4,49        
"2,972.",No Man's Land,(I) (2001),R,98 min,7.9,84        
"2,973.",Le grand bleu,(1988),U,168 min,7.5,35        
"2,974.","Sex, Lies, and Videotape",(1989),A,100 min,7.2,86        
"2,975.",Perfect Stranger,(2007),16,109 min,5.7,31        
"2,976.",Ne le dis à personne,(2006),131 min,131 min,7.5,82        
"2,977.",Cosmopolis,(2012),R,109 min,5.1,58        
"2,978.",Airheads,(1994),A,92 min,6.2,46        
"2,979.",Waitress,(2007),PG-13,108 min,7,75        
"2,980.",Astérix & Obélix : Mission Cléopâtre,(2002),PG,107 min,6.7,
"2,981.",Employee of the Month,(2006),PG-13,103 min,5.5,36        
"2,982.",Sydney White,(2007),U,108 min,6.2,45        
"2,983.",Alone in the Dark,(2005),A,99 min,2.4,9        
"2,984.",Mongol,(2007),R,126 min,7.2,74        
"2,985.",Rules of Engagement,(2000),U,128 min,6.4,45        
"2,986.",Loaded Weapon 1,(1993),UA,84 min,6.2,30        
"2,987.",Fletch,(1985),U,98 min,6.9,68        
"2,988.",Days of Heaven,(1978),94 min,94 min,7.7,94        
"2,989.",Extract,(2009),R,92 min,6.1,61        
"2,990.",Hobo with a Shotgun,(2011),86 min,86 min,6.1,55        
"2,991.",Without a Paddle,(2004),PG-13,95 min,5.8,29        
"2,992.",The Big Wedding,(2013),R,90 min,5.6,28        
"2,993.",Nine,(2009),A,118 min,5.8,49        
"2,994.",Over the Top,(1987),U,93 min,5.8,40        
"2,995.",The Reaping,(2007),A,99 min,5.6,36        
"2,996.",The Odd Life of Timothy Green,(2012),U,105 min,6.6,47        
"2,997.",Banlieue 13: Ultimatum,(2009),UA,101 min,6.5,64        
"2,998.",The Visitor,(I) (2007),PG-13,104 min,7.6,79        
"2,999.",Invasion of the Body Snatchers,(1978),A,115 min,7.4,75        
"3,000.",Pathfinder,(2007),R,99 min,5.4,29        
"3,001.",Star Trek Beyond,(2016),UA,122 min,7,68        
"3,002.",Much Ado About Nothing,(1993),U,111 min,7.3,80        
"3,003.",Airplane II: The Sequel,(1982),U,85 min,6.1,48        
"3,004.",Lolita,(1997),All,137 min,6.8,46        
"3,005.",Footloose,(2011),U,113 min,5.8,58        
"3,006.",La battaglia di Algeri,(1966),121 min,121 min,8.1,96        
"3,007.",Bachelorette,(2012),R,87 min,5.3,53        
"3,008.",Sleuth,(1972),138 min,138 min,8,
"3,009.",Yeopgijeogin geunyeo,(2001),137 min,137 min,8,
"3,010.",My Own Private Idaho,(1991),R,104 min,7,77        
"3,011.",My Best Friend's Girl,(2008),R,101 min,5.8,34        
"3,012.",Wild Child,(2008),U,98 min,6.1,
"3,013.",Bull Durham,(1988),U,108 min,7.1,73        
"3,014.",Fired Up!,(2009),UA,90 min,6.1,31        
"3,015.",3 Men and a Baby,(1987),U,102 min,6.1,61        
"3,016.",Stolen,(2012),UA,96 min,5.5,43        
"3,017.",The Pirates! In an Adventure with Scientists!,(2012),U,88 min,6.7,73        
"3,018.",Chi bi,(2008),R,145 min,7.3,73        
"3,019.",Look Who's Talking Too,(1990),U,81 min,4.7,
"3,020.",The Wind That Shakes the Barley,(2006),127 min,127 min,7.5,82        
"3,021.",Overboard,(1987),U,112 min,6.9,53        
"3,022.",True Story,(I) (2015),R,99 min,6.3,50        
"3,023.",Two for the Money,(2005),UA,122 min,6.2,50        
"3,024.",Haider,(2014),UA,160 min,8,
"3,025.",Mimic,(1997),R,105 min,6,56        
"3,026.",The Company Men,(2010),R,104 min,6.7,69        
"3,027.",Celal ile Ceren,(2013),114 min,114 min,3.2,
"3,028.","The Adventures of Priscilla, Queen of the Desert",(1994),U,104 min,7.5,70        
"3,029.",In America,(2002),PG-13,105 min,7.7,76        
"3,030.",Passenger 57,(1992),UA,84 min,5.9,50        
"3,031.",Honey,(2003),U,94 min,5.3,37        
"3,032.",Buffalo '66,(1998),R,110 min,7.4,69        
"3,033.",Die Fälscher,(2007),R,99 min,7.5,78        
"3,034.",Miracle,(2004),U,135 min,7.4,68        
"3,035.",Little Women,(1994),U,115 min,7.3,87        
"3,036.",Disclosure,(1994),UA,128 min,6.2,58        
"3,037.",Far from Heaven,(2002),PG-13,107 min,7.3,84        
"3,038.",History of the World: Part I,(1981),A,92 min,6.8,47        
"3,039.",Inspector Gadget,(1999),U,78 min,4.2,36        
"3,040.",Man cheng jin dai huang jin jia,(2006),R,114 min,7,70        
"3,041.",Highlander II: The Quickening,(1991),R,91 min,4.2,31        
"3,042.",Sleeping with the Enemy,(1991),A,99 min,6.3,48        
"3,043.",Cabaret,(1972),A,124 min,7.8,80        
"3,044.",Joe,(I) (2013),R,117 min,6.8,74        
"3,045.",Baby,(I) (2015),UA,159 min,7.9,
"3,046.",Herbie Fully Loaded,(2005),U,101 min,4.9,47        
"3,047.",Stuart Little 2,(2002),U,77 min,5.5,66        
"3,048.",The Sessions,(2012),R,95 min,7.2,79        
"3,049.",Mortal Kombat: Annihilation,(1997),UA,95 min,3.6,11        
"3,050.",Chugyeokja,(2008),125 min,125 min,7.8,64        
"3,051.",Chennai Express,(2013),UA,141 min,6.1,45        
"3,052.",High Plains Drifter,(1973),A,105 min,7.4,69        
"3,053.",Halloween II,(2009),A,105 min,4.8,35        
"3,054.",Wild Card,(2015),R,92 min,5.6,40        
"3,055.",Transamerica,(2005),R,103 min,7.4,66        
"3,056.",Sister Act 2: Back in the Habit,(1993),U,107 min,5.7,38        
"3,057.",Proof,(2005),PG-13,100 min,6.7,64        
"3,058.",Forever Young,(1992),U,102 min,6.3,
"3,059.",One Fine Day,(1996),U,108 min,6.5,56        
"3,060.",Murder on the Orient Express,(1974),U,128 min,7.2,63        
"3,061.",Bad Taste,(1987),Not Rated,91 min,6.5,52        
"3,062.",Nothing to Lose,(1997),U,98 min,6.7,
"3,063.",The Age of Innocence,(1993),U,139 min,7.2,90        
"3,064.",Fever Pitch,(2005),U,104 min,6.2,56        
"3,065.",Friends with Kids,(2011),R,107 min,6.1,55        
"3,066.",Kickboxer,(1989),U,97 min,6.4,33        
"3,067.",Down by Law,(1986),107 min,107 min,7.7,75        
"3,068.",Reality Bites,(1994),U,99 min,6.6,67        
"3,069.",The Purple Rose of Cairo,(1985),U,82 min,7.7,75        
"3,070.",Ultimo tango a Parigi,(1972),A,129 min,6.9,77        
"3,071.",Toki o kakeru shôjo,(2006),U,98 min,7.7,66        
"3,072.",You Will Meet a Tall Dark Stranger,(2010),R,98 min,6.3,51        
"3,073.",Sinbad: Legend of the Seven Seas,(2003),U,88 min,6.7,48        
"3,074.",He Got Game,(1998),R,136 min,6.9,64        
"3,075.",The Man Who Would Be King,(1975),U,129 min,7.8,91        
"3,076.",A Nightmare on Elm Street 4: The Dream Master,(1988),A,93 min,5.6,56        
"3,077.",Ghajini,(2008),UA,186 min,7.3,
"3,078.",Death at a Funeral,(2010),R,92 min,5.7,51        
"3,079.",The Collection,(II) (2012),A,82 min,6.1,38        
"3,080.",The Cat in the Hat,(2003),U,82 min,4.1,19        
"3,081.",The Cobbler,(2014),PG-13,99 min,5.8,23        
"3,082.",Cirque du Freak: The Vampire's Assistant,(2009),PG-13,119 min,5.8,43        
"3,083.",The Guns of Navarone,(1961),U,158 min,7.5,72        
"3,084.",Under Siege 2: Dark Territory,(1995),A,100 min,5.5,52        
"3,085.",MacGruber,(2010),R,90 min,5.6,43        
"3,086.",Tammy,(2014),R,97 min,4.9,39        
"3,087.","See No Evil, Hear No Evil",(1989),A,103 min,6.8,44        
"3,088.",Somewhere,(2010),R,97 min,6.3,67        
"3,089.",Candy,(2006),R,108 min,7.2,57        
"3,090.",The Hunted,(2003),R,94 min,6.1,40        
"3,091.",Get Rich or Die Tryin',(2005),R,117 min,5.5,45        
"3,092.",The Lady Vanishes,(1938),96 min,96 min,7.7,98        
"3,093.",Black Dynamite,(2009),R,84 min,7.4,65        
"3,094.",Million Dollar Arm,(2014),PG,124 min,7,56        
"3,095.",Naked Lunch,(1991),Not Rated,115 min,6.9,67        
"3,096.",Parenthood,(1989),A,124 min,7.1,82        
"3,097.",Black Death,(2010),R,102 min,6.4,71        
"3,098.",Under the Tuscan Sun,(2003),PG-13,113 min,6.7,52        
"3,099.",The Avengers,(1998),PG-13,89 min,3.8,12        
"3,100.",EDtv,(1999),UA,122 min,6.1,49        
"3,101.",Flyboys,(2006),PG-13,140 min,6.5,47        
"3,102.",Deconstructing Harry,(1997),UA,96 min,7.3,62        
"3,103.",Shall We Dance?,(2004),PG-13,106 min,6.2,47        
"3,104.",Carriers,(2009),PG-13,85 min,6,
"3,105.",Soul Surfer,(2011),PG,112 min,7,53        
"3,106.",Arthur Christmas,(2011),U,97 min,7.1,69        
"3,107.",Moonstruck,(1987),UA,102 min,7.2,83        
"3,108.",Lilja 4-ever,(2002),R,109 min,7.8,83        
"3,109.",Balls of Fury,(2007),PG-13,90 min,5.3,38        
"3,110.",Three Days of the Condor,(1975),117 min,117 min,7.4,63        
"3,111.",Kill the Irishman,(2011),R,106 min,7,50        
"3,112.",Le salaire de la peur,(1953),U,131 min,8.2,85        
"3,113.",Varsity Blues,(1999),R,106 min,6.5,50        
"3,114.",Wyatt Earp,(1994),UA,191 min,6.7,47        
"3,115.",Adams æbler,(2005),R,94 min,7.7,51        
"3,116.",Mr. Magorium's Wonder Emporium,(2007),U,93 min,6.2,48        
"3,117.",Repulsion,(1965),105 min,105 min,7.6,91        
"3,118.",Short Cuts,(1993),R,188 min,7.6,81        
"3,119.",The Producers,(2005),PG-13,134 min,6.3,52        
"3,120.",Flashdance,(1983),UA,95 min,6.2,39        
"3,121.",Ordinary People,(1980),U,124 min,7.7,86        
"3,122.",Pride,(I) (2014),R,119 min,7.8,79        
"3,123.",Texas Chainsaw 3D,(2013),A,92 min,4.8,
"3,124.",Scanners,(1981),Not Rated,103 min,6.7,60        
"3,125.",How Do You Know,(2010),PG-13,121 min,5.4,46        
"3,126.",Planes,(2013),U,91 min,5.7,39        
"3,127.",This Boy's Life,(1993),U,115 min,7.3,60        
"3,128.",Swimming Pool,(2003),A,102 min,6.7,70        
"3,129.",Michael,(1996),PG,105 min,5.7,38        
"3,130.",Odd Thomas,(2013),100 min,100 min,6.8,45        
"3,131.",Stone,(2010),R,105 min,5.4,58        
"3,132.",Prime,(2005),PG-13,105 min,6.2,58        
"3,133.",The Colony,(I) (2013),95 min,95 min,5.3,28        
"3,134.",RoboCop 3,(1993),UA,104 min,4.1,40        
"3,135.",'71,(2014),R,99 min,7.2,83        
"3,136.",Cradle 2 the Grave,(2003),A,101 min,5.8,36        
"3,137.",Rising Sun,(1993),A,125 min,6.2,56        
"3,138.",Striptease,(1996),R,115 min,4.5,37        
"3,139.",Glory Road,(2006),U,118 min,7.2,58        
"3,140.",Teen Wolf,(1985),U,91 min,6.1,25        
"3,141.",Dirty Pretty Things,(2002),UA,97 min,7.3,78        
"3,142.",The Hitcher,(2007),R,84 min,5.6,28        
"3,143.",Conviction,(II) (2010),R,107 min,7.2,61        
"3,144.",The Big Year,(2011),UA,102 min,6.2,53        
"3,145.",Kelly's Heroes,(1970),U,144 min,7.6,50        
"3,146.",1 - Nenokkadine,(2014),UA,170 min,8,
"3,147.",Death to Smoochy,(2002),R,109 min,6.3,38        
"3,148.",To Die For,(1995),UA,106 min,6.8,86        
"3,149.",Babam ve Oglum,(2005),112 min,112 min,8.2,
"3,150.",Hot Pursuit,(2015),PG-13,87 min,5.1,31        
"3,151.",Children of the Corn,(1984),92 min,92 min,5.6,45        
"3,152.",When a Stranger Calls,(2006),A,87 min,5.1,27        
"3,153.",Gone,(I) (2012),UA,94 min,5.9,36        
"3,154.",Black Sheep,(2006),15+,87 min,5.8,62        
"3,155.",Steel Magnolias,(1989),U,117 min,7.3,56        
"3,156.",The Boy,(2016),UA,97 min,6,42        
"3,157.",Vishwaroopam,(2013),UA,148 min,7.9,
"3,158.",Grumpy Old Men,(1993),UA,103 min,7,53        
"3,159.",The Double,(2013),R,93 min,6.5,68        
"3,160.",Rock Star,(2001),UA,105 min,6.3,54        
"3,161.",28 Days,(2000),U,103 min,6.1,46        
"3,162.",Hard Target,(1993),A,97 min,6.2,63        
"3,163.",A Haunted House,(2013),R,86 min,5,20        
"3,164.",Teeth,(I) (2007),R,94 min,5.4,57        
"3,165.",The Natural,(1984),U,138 min,7.4,61        
"3,166.",Spies Like Us,(1985),U,102 min,6.4,22        
"3,167.",Eskiya,(1996),128 min,128 min,8.1,
"3,168.",The Santa Clause 2,(2002),104 min,104 min,5.7,48        
"3,169.",Think Like a Man,(2012),PG-13,123 min,6.5,51        
"3,170.",Ida,(2013),PG-13,82 min,7.4,91        
"3,171.",The Karate Kid Part III,(1989),U,112 min,5.3,36        
"3,172.",Jui kuen II,(1994),UA,102 min,7.5,74        
"3,173.",Anonymous,(I) (2011),PG-13,130 min,6.8,50        
"3,174.",Eliza Graves,(2014),PG-13,112 min,6.8,52        
"3,175.",Big Stan,(2007),A,105 min,6.1,
"3,176.",The Kid,(2000),U,104 min,6.1,45        
"3,177.",Congo,(1995),UA,109 min,5.3,24        
"3,178.",Driven,(2001),U,116 min,4.6,29        
"3,179.",The Voices,(2014),R,103 min,6.3,58        
"3,180.",Rob Roy,(1995),R,139 min,6.9,55        
"3,181.",Don't Look Now,(1973),U,110 min,7.1,95        
"3,182.",13,(I) (2010),R,91 min,6,29        
"3,183.",L'auberge espagnole,(2002),R,122 min,7.3,65        
"3,184.",Bone Tomahawk,(2015),132 min,132 min,7.1,72        
"3,185.",Blood Work,(2002),R,110 min,6.4,64        
"3,186.",Ironclad,(2011),R,121 min,6.1,42        
"3,187.",Invasion of the Body Snatchers,(1956),80 min,80 min,7.7,92        
"3,188.",Trespass,(2011),R,91 min,5.3,37        
"3,189.",Hope Springs,(2012),UA,100 min,6.3,65        
"3,190.",Arizona Dream,(1993),UA,142 min,7.2,62        
"3,191.",Veer-Zaara,(2004),U,192 min,7.8,67        
"3,192.",The SpongeBob Movie: Sponge Out of Water,(2015),PG,92 min,6,62        
"3,193.",Stake Land,(2010),R,98 min,6.4,66        
"3,194.",Hoosiers,(1986),U,114 min,7.4,77        
"3,195.",Whale Rider,(2002),PG-13,101 min,7.5,80        
"3,196.",Crossroads,(I) (2002),PG-13,93 min,3.7,27        
"3,197.",Flight of the Navigator,(1986),U,90 min,6.9,64        
"3,198.",The Three Burials of Melquiades Estrada,(2005),R,121 min,7.3,77        
"3,199.",People Like Us,(2012),PG-13,114 min,7,49        
"3,200.",Trust,(I) (2010),R,106 min,6.9,60        
"3,201.",Shadow of the Vampire,(2000),R,92 min,6.9,71        
"3,202.",One for the Money,(2012),PG-13,91 min,5.3,22        
"3,203.",Kon-Tiki,(2012),Not Rated,118 min,7.1,62        
"3,204.",The Little Rascals,(1994),U,82 min,6.3,45        
"3,205.",The Zero Theorem,(2013),R,107 min,6,50        
"3,206.",Life,(I) (1999),Not Rated,108 min,6.8,63        
"3,207.",The Rover,(2014),R,103 min,6.4,64        
"3,208.",Narc,(2002),R,105 min,7.1,70        
"3,209.",Baby Mama,(2008),UA,99 min,6,55        
"3,210.",The Hitcher,(1986),A,97 min,7.2,32        
"3,211.",The Ward,(2010),UA,89 min,5.5,38        
"3,212.",Zoolander 2,(2016),U,101 min,4.7,34        
"3,213.",A Goofy Movie,(1995),U,78 min,6.9,53        
"3,214.",Forbidden Planet,(1956),U,98 min,7.5,80        
"3,215.",Dhoom:3,(2013),UA,172 min,5.4,61        
"3,216.",Enemy Mine,(1985),U,108 min,6.8,59        
"3,217.",From Here to Eternity,(1953),118 min,118 min,7.6,85        
"3,218.",Romy and Michele's High School Reunion,(1997),R,92 min,6.3,60        
"3,219.",Marnie,(1964),A,130 min,7.1,73        
"3,220.",Guess Who,(2005),PG-13,105 min,5.9,49        
"3,221.",Dr. Dolittle 2,(2001),U,87 min,4.7,49        
"3,222.",Better Off Dead...,(1985),97 min,97 min,7.1,51        
"3,223.",The Muppet Christmas Carol,(1992),Not Rated,85 min,7.8,64        
"3,224.",Macbeth,(I) (2015),R,113 min,6.6,71        
"3,225.",The Loft,(2014),R,108 min,6.3,24        
"3,226.",Idle Hands,(1999),R,92 min,6.2,31        
"3,227.",Cat on a Hot Tin Roof,(1958),A,108 min,7.9,84        
"3,228.",Vegas Vacation,(1997),UA,93 min,5.9,20        
"3,229.",Woman in Gold,(2015),Not Rated,109 min,7.3,51        
"3,230.",Howard the Duck,(1986),U,110 min,4.7,28        
"3,231.",Striking Distance,(1993),A,102 min,5.8,36        
"3,232.",Hustle & Flow,(2005),R,116 min,7.3,68        
"3,233.",The Messengers,(2007),PG-13,90 min,5.3,34        
"3,234.",G.O.R.A.,(2004),18,127 min,8,
"3,235.",Ladyhawke,(1985),U,121 min,6.9,64        
"3,236.",Superman IV: The Quest for Peace,(1987),U,90 min,3.7,24        
"3,237.",The Joneses,(2009),R,96 min,6.4,55        
"3,238.",The Hottie & the Nottie,(2008),PG-13,91 min,2,7        
"3,239.",Tigerland,(2000),A,101 min,6.9,55        
"3,240.",Point Break,(2015),UA,114 min,5.3,34        
"3,241.",The Great Mouse Detective,(1986),U,74 min,7.1,73        
"3,242.",Sleeper,(1973),A,89 min,7.1,77        
"3,243.",Saving Silverman,(2001),UA,90 min,5.8,22        
"3,244.",JCVD,(2008),R,97 min,7,64        
"3,245.",True Grit,(1969),U,128 min,7.4,83        
"3,246.",Ginger Snaps,(2000),A,108 min,6.8,70        
"3,247.",Casualties of War,(1989),UA,113 min,7.1,75        
"3,248.",Boy A,(2007),R,106 min,7.6,75        
"3,249.",Down with Love,(2003),PG-13,101 min,6.3,52        
"3,250.",Starman,(1984),UA,115 min,7,70        
"3,251.",The Huntsman: Winter's War,(2016),UA,114 min,6.1,35        
"3,252.",Hardcore Henry,(2015),A,96 min,6.7,51        
"3,253.",Le passé,(2013),PG-13,130 min,7.7,85        
"3,254.",Baby's Day Out,(1994),U,99 min,6.2,
"3,255.",Scooby-Doo 2: Monsters Unleashed,(2004),U,93 min,5.2,34        
"3,256.",Homeward Bound: The Incredible Journey,(1993),U,84 min,6.9,
"3,257.",On the Road,(2012),R,124 min,6,56        
"3,258.",All About Steve,(2009),PG-13,99 min,4.8,17        
"3,259.",Gridiron Gang,(2006),PG-13,125 min,7.1,52        
"3,260.",G-Force,(2009),PG,88 min,5.1,41        
"3,261.",Clash of the Titans,(1981),A,118 min,6.9,59        
"3,262.",The Pink Panther 2,(2009),U,92 min,5.6,36        
"3,263.",Dracula,(1931),75 min,75 min,7.4,71        
"3,264.",Monte Carlo,(2011),PG,109 min,5.8,43        
"3,265.",Spellbound,(1945),111 min,111 min,7.5,78        
"3,266.",Taxi,(I) (2004),U,97 min,4.5,27        
"3,267.",En kongelig affære,(2012),R,137 min,7.5,73        
"3,268.",The Poseidon Adventure,(1972),U,117 min,7.1,70        
"3,269.",Fahrenheit 451,(1966),U,112 min,7.2,
"3,270.",North Country,(2005),7,126 min,7.3,68        
"3,271.",Special Chabbis,(2013),UA,144 min,8,
"3,272.",Middle Men,(2009),R,105 min,6.8,60        
"3,273.",Hævnen,(2010),R,118 min,7.6,65        
"3,274.",Cedar Rapids,(2011),R,87 min,6.3,70        
"3,275.",Southland Tales,(2006),R,145 min,5.3,44        
"3,276.",Deception,(2008),R,107 min,6,31        
"3,277.",Police Academy 3: Back in Training,(1986),U,83 min,5.4,33        
"3,278.",Cleaner,(2007),R,88 min,6.1,49        
"3,279.",The River Wild,(1994),U,111 min,6.5,63        
"3,280.",Deadfall,(2012),R,95 min,6.2,52        
"3,281.",Roxanne,(1987),U,107 min,6.6,73        
"3,282.",Nick of Time,(1995),UA,90 min,6.3,
"3,283.",Smokey and the Bandit,(1977),U,96 min,7,50        
"3,284.",In the Bedroom,(2001),UA,131 min,7.4,86        
"3,285.",Because I Said So,(2007),U,102 min,5.6,26        
"3,286.",Spread,(2009),R,97 min,5.8,43        
"3,287.",Buffy the Vampire Slayer,(1992),UA,86 min,5.7,48        
"3,288.",Oliver & Company,(1988),U,74 min,6.6,58        
"3,289.",Happy Feet Two,(2011),U,117 min,5.8,50        
"3,290.",Radio,(2003),PG,109 min,6.9,38        
"3,291.",In & Out,(1997),PG-13,90 min,6.4,70        
"3,292.",The Horse Whisperer,(1998),UA,169 min,6.7,65        
"3,293.",Spun,(2002),R,101 min,6.7,41        
"3,294.",Beneath the Planet of the Apes,(1970),U,95 min,6,46        
"3,295.",The Rocker,(2008),PG-13,102 min,6.2,53        
"3,296.",The Legend of Tarzan,(2016),UA,110 min,6.2,44        
"3,297.",Kill the Messenger,(2014),A,112 min,6.9,60        
"3,298.",Happy-Go-Lucky,(2008),R,118 min,7,84        
"3,299.",The Damned United,(2009),R,98 min,7.5,81        
"3,300.",Kuch Kuch Hota Hai,(1998),U,177 min,7.5,
"3,301.",Money Train,(1995),UA,110 min,5.7,
"3,302.",The Savages,(2007),R,114 min,7.1,85        
"3,303.",Les Misérables,(1998),UA,134 min,7.4,65        
"3,304.","Honey, I Blew Up the Kid",(1992),U,89 min,4.9,50        
"3,305.",License to Wed,(2007),PG-13,91 min,5.2,25        
"3,306.",Freaks,(1932),64 min,64 min,7.8,80        
"3,307.",Byzantium,(2012),R,118 min,6.5,66        
"3,308.",It's a Boy Girl Thing,(2006),UA,95 min,6.2,
"3,309.",The Enforcer,(1976),96 min,96 min,6.7,58        
"3,310.",House of the Dead,(2003),A,90 min,2.1,15        
"3,311.",The Descent: Part 2,(2009),A,94 min,5.7,
"3,312.","Deux jours, une nuit",(2014),PG-13,95 min,7.3,89        
"3,313.",The Haunted Mansion,(2003),U,99 min,5.2,34        
"3,314.",Brick Mansions,(2014),UA,90 min,5.6,40        
"3,315.",Stop! Or My Mom Will Shoot,(1992),UA,87 min,4.4,
"3,316.",Of Mice and Men,(1992),U,115 min,7.5,73        
"3,317.",Piranha 3DD,(2012),A,83 min,3.8,24        
"3,318.",Coco avant Chanel,(2009),PG-13,105 min,6.7,65        
"3,319.",Diary of a Wimpy Kid,(2010),PG,94 min,6.2,56        
"3,320.",The Prince & Me,(2004),U,111 min,5.8,47        
"3,321.",The Transformers: The Movie,(1986),U,84 min,7.2,43        
"3,322.",Taegukgi hwinalrimyeo,(2004),R,140 min,8,64        
"3,323.",World's Greatest Dad,(I) (2009),R,99 min,6.9,69        
"3,324.",Big Momma's House 2,(2006),U,99 min,4.8,34        
"3,325.",Whiteout,(2009),R,101 min,5.5,
"3,326.",Friday the 13th Part III,(1982),A,95 min,5.6,30        
"3,327.",Severance,(2006),R,96 min,6.4,62        
"3,328.",The Water Horse,(2007),U,112 min,6.4,71        
"3,329.",Ju-on,(2002),UA,92 min,6.7,48        
"3,330.",Romper Stomper,(1992),R,94 min,6.8,61        
"3,331.",Labor Day,(2013),UA 16+,111 min,6.9,52        
"3,332.",Ouija,(II) (2014),A,89 min,4.5,38        
"3,333.",Defendor,(2009),R,101 min,6.7,57        
"3,334.",The Night Before,(II) (2015),R,101 min,6.4,58        
"3,335.",Dragonfly,(2002),UA,104 min,6.1,25        
"3,336.",Bride of Frankenstein,(1935),75 min,75 min,7.8,95        
"3,337.",The Curse of the Jade Scorpion,(2001),PG-13,103 min,6.7,52        
"3,338.",The First Wives Club,(1996),UA,103 min,6.4,59        
"3,339.",The Tall Man,(2012),R,106 min,5.9,52        
"3,340.",Fear,(1996),Not Rated,97 min,6.2,51        
"3,341.",Assault on Precinct 13,(1976),A,91 min,7.3,89        
"3,342.",Midnight in the Garden of Good and Evil,(1997),R,155 min,6.6,56        
"3,343.",Paranormal Activity: The Marked Ones,(2014),UA,84 min,5,42        
"3,344.",Kumonosu-jô,(1957),U,110 min,8.1,
"3,345.",Hannah Montana: The Movie,(2009),102 min,102 min,4.6,47        
"3,346.",Mighty Aphrodite,(1995),R,95 min,7,60        
"3,347.",Ra.One,(2011),U,156 min,4.8,60        
"3,348.",Meet Dave,(2008),UA,90 min,5.1,43        
"3,349.",Le Samouraï,(1967),105 min,105 min,8,
"3,350.",Zelig,(1983),79 min,79 min,7.7,
"3,351.",Alvin and the Chipmunks: The Squeakquel,(2009),U,88 min,4.5,41        
"3,352.",Vozvrashchenie,(2003),110 min,110 min,7.9,82        
"3,353.",Fred Claus,(2007),U,116 min,5.7,42        
"3,354.",Shutter,(II) (2004),97 min,97 min,7,
"3,355.",Triple 9,(2016),R,115 min,6.3,52        
"3,356.",The Air I Breathe,(2007),R,95 min,6.7,37        
"3,357.",Cowboy Bebop: Tengoku no tobira,(2001),U,115 min,7.8,62        
"3,358.",Chopper,(2000),A,94 min,7.1,68        
"3,359.",The Libertine,(2004),UA,114 min,6.2,44        
"3,360.",In the Land of Blood and Honey,(2011),R,127 min,4.7,56        
"3,361.",Police Academy 4: Citizens on Patrol,(1987),U,88 min,5,26        
"3,362.",Laura,(1944),88 min,88 min,7.9,
"3,363.",Hector and the Search for Happiness,(2014),R,120 min,6.9,29        
"3,364.",Taxi 3,(2003),UA,84 min,5.8,
"3,365.",The Last Picture Show,(1971),U,118 min,8,93        
"3,366.",A Hard Day's Night,(1964),U,87 min,7.5,96        
"3,367.",Child's Play 2,(1990),UA,84 min,5.9,37        
"3,368.",The Ringer,(2005),PG-13,94 min,5.8,46        
"3,369.",What Ever Happened to Baby Jane?,(1962),A,134 min,8,75        
"3,370.",Hollywood Homicide,(2003),U,116 min,5.3,47        
"3,371.",God's Not Dead,(2014),PG,113 min,4.6,16        
"3,372.",The Inbetweeners 2,(2014),A,96 min,6.4,55        
"3,373.",Porky's,(1981),94 min,94 min,6.2,40        
"3,374.",Los abrazos rotos,(2009),R,127 min,7.2,76        
"3,375.",Turistas,(2006),R,93 min,5.4,36        
"3,376.",Endless Love,(2014),13,104 min,6.2,30        
"3,377.",Summer of Sam,(1999),R,142 min,6.7,67        
"3,378.",The Tale of Despereaux,(2008),93 min,93 min,6.1,53        
"3,379.",Old Dogs,(I) (2009),PG,88 min,5.3,19        
"3,380.",The Skeleton Twins,(2014),R,93 min,6.8,74        
"3,381.",Small Time Crooks,(2000),PG,94 min,6.7,69        
"3,382.",Me and You and Everyone We Know,(2005),R,91 min,7.2,76        
"3,383.",Basic Instinct 2,(2006),A,114 min,4.4,26        
"3,384.",Reindeer Games,(2000),R,104 min,5.8,37        
"3,385.",Anna and the King,(1999),U,148 min,6.7,56        
"3,386.",Stagecoach,(1939),96 min,96 min,7.8,93        
"3,387.",The Invisible,(2007),PG-13,102 min,6.1,36        
"3,388.",Mr. Woodcock,(2007),PG-13,87 min,5.2,41        
"3,389.",Sudden Impact,(1983),A,117 min,6.6,52        
"3,390.",Everything You Always Wanted to Know About Sex * But Were Afraid to Ask,(1972),88 min,88 min,6.7,66        
"3,391.",Astérix & Obélix contre César,(1999),109 min,109 min,6,
"3,392.",Neko no ongaeshi,(2002),G,75 min,7.1,70        
"3,393.",Frenzy,(1972),A,116 min,7.4,92        
"3,394.",Leviafan,(2014),R,140 min,7.6,92        
"3,395.",The Dead Pool,(1988),A,91 min,6.3,46        
"3,396.",Tusk,(I) (2014),16,102 min,5.3,55        
"3,397.",Man Up,(I) (2015),R,88 min,6.8,69        
"3,398.",Starred Up,(2013),106 min,106 min,7.3,81        
"3,399.",Raising Helen,(2004),PG-13,119 min,6,38        
"3,400.",Irrational Man,(2015),R,95 min,6.6,53        
"3,401.",After.Life,(2009),R,104 min,5.9,36        
"3,402.",A Thousand Words,(I) (2012),U,91 min,5.8,26        
"3,403.",Jaws: The Revenge,(1987),U,89 min,3,15        
"3,404.",Eddie the Eagle,(2015),UA,106 min,7.3,54        
"3,405.",Night of the Living Dead,(1990),A,92 min,6.8,54        
"3,406.",Lovelace,(2013),Not Rated,93 min,6.2,51        
"3,407.",Anomalisa,(2015),R,90 min,7.2,88        
"3,408.",Black Knight,(2001),PG-13,95 min,4.9,32        
"3,409.",The Tournament,(2009),R,95 min,6,
"3,410.",Bird on a Wire,(1990),A,110 min,6,36        
"3,411.",Freddy's Dead: The Final Nightmare,(1991),UA,89 min,4.7,39        
"3,412.",Bakjwi,(2009),R,134 min,7.1,73        
"3,413.",Withnail & I,(1987),107 min,107 min,7.5,84        
"3,414.",Beverly Hills Ninja,(1997),UA,88 min,5.5,27        
"3,415.",The Italian Job,(1969),A,99 min,7.2,70        
"3,416.",Detroit Rock City,(1999),R,95 min,6.8,33        
"3,417.",Laggies,(2014),R,99 min,6.4,63        
"3,418.",Confidence,(2003),R,97 min,6.6,59        
"3,419.",Enough,(I) (2002),16,115 min,5.8,25        
"3,420.",BloodRayne,(2005),A,95 min,3,18        
"3,421.",Nothing But the Truth,(I) (2008),R,108 min,7.1,64        
"3,422.",Dumb and Dumberer: When Harry Met Lloyd,(2003),UA,85 min,3.4,19        
"3,423.",Hamlet,(1996),PG-13,242 min,7.7,
"3,424.",Keith,(I) (2008),PG-13,95 min,7.4,
"3,425.",The Devil Inside,(2012),A,83 min,4.2,18        
"3,426.",Eye in the Sky,(2015),UA,102 min,7.3,73        
"3,427.",Manos: The Hands of Fate,(1966),70 min,70 min,1.6,
"3,428.",Notorious,(2009),R,122 min,6.7,60        
"3,429.",Bienvenue chez les Ch'tis,(2008),106 min,106 min,7.1,
"3,430.","Se, jie",(2007),A,157 min,7.5,61        
"3,431.",East of Eden,(1955),U,118 min,7.8,72        
"3,432.",Annie,(1982),U,126 min,6.6,39        
"3,433.",The Divide,(2011),R,112 min,5.8,28        
"3,434.",Maria Full of Grace,(2004),R,101 min,7.4,87        
"3,435.",The Room,(2003),UA,99 min,3.6,9        
"3,436.",Aquamarine,(2006),PG,110 min,5.4,51        
"3,437.",Orgazmo,(1997),NC-17,94 min,6.1,48        
"3,438.",Airlift,(2016),UA,130 min,7.9,
"3,439.",The Guilt Trip,(2012),PG-13,95 min,5.8,50        
"3,440.",Chitty Chitty Bang Bang,(1968),144 min,144 min,6.9,64        
"3,441.",Tooth Fairy,(I) (2010),U,101 min,5,36        
"3,442.",Hearts in Atlantis,(2001),UA,101 min,6.9,55        
"3,443.",Hellbound: Hellraiser II,(1988),A,97 min,6.4,41        
"3,444.",Andaz Apna Apna,(1994),U,160 min,8,
"3,445.",The Believer,(2001),R,98 min,7.1,75        
"3,446.",Redirected,(2014),99 min,99 min,6.4,
"3,447.",Kicking & Screaming,(2005),PG,95 min,5.6,45        
"3,448.",Mr. Holland's Opus,(1995),PG,143 min,7.3,59        
"3,449.",Promised Land,(2012),R,106 min,6.6,55        
"3,450.",The Hunter,(IV) (2011),R,102 min,6.7,63        
"3,451.",The Lunchbox,(2013),U,104 min,7.8,76        
"3,452.",Red Sonja,(1985),U,89 min,5.1,35        
"3,453.",Heartbreak Ridge,(1986),A,130 min,6.8,53        
"3,454.",Sea of Love,(1989),A,113 min,6.8,66        
"3,455.",Tom yum goong,(2005),R,111 min,7,52        
"3,456.",Balto,(1995),U,78 min,7.1,
"3,457.",Ondskan,(2003),113 min,113 min,7.7,61        
"3,458.",Dracula: Dead and Loving It,(1995),PG-13,88 min,5.8,
"3,459.",Nurse Betty,(2000),R,110 min,6.3,69        
"3,460.",Miracle on 34th Street,(1947),96 min,96 min,7.9,88        
"3,461.",While We're Young,(2014),R,97 min,6.3,77        
"3,462.",A Life Less Ordinary,(1997),A,103 min,6.3,37        
"3,463.",The House of the Devil,(2009),R,95 min,6.3,73        
"3,464.",Spider,(2002),R,98 min,6.8,83        
"3,465.",Chasing Liberty,(2004),UA,101 min,6.1,46        
"3,466.",Everyone Says I Love You,(1996),R,101 min,6.7,
"3,467.",Maggie,(I) (2015),PG-13,95 min,5.6,52        
"3,468.",Bringing Down the House,(2003),A,105 min,5.6,39        
"3,469.",High Crimes,(2002),A,115 min,6.4,48        
"3,470.",The Ant Bully,(2006),U,88 min,5.8,59        
"3,471.",Plan 9 from Outer Space,(1957),79 min,79 min,3.9,56        
"3,472.",The Party,(1968),99 min,99 min,7.4,
"3,473.",Wild Target,(2010),PG-13,98 min,6.7,41        
"3,474.",I Give It a Year,(2013),R,97 min,5.7,50        
"3,475.",Rab Ne Bana Di Jodi,(2008),U,167 min,7.2,
"3,476.",Ravenous,(1999),A,101 min,6.9,46        
"3,477.",Cyrus,(I) (2010),R,91 min,6.3,74        
"3,478.",Mickey Blue Eyes,(1999),PG-13,102 min,5.9,49        
"3,479.",The Towering Inferno,(1974),U,165 min,7,69        
"3,480.",Jab We Met,(2007),U,138 min,7.9,
"3,481.",The Spy Next Door,(2010),U,94 min,5.4,27        
"3,482.",Creepshow,(1982),UA,120 min,6.8,59        
"3,483.",Sholay,(1975),U,204 min,8.1,
"3,484.",Nine Months,(1995),A,103 min,5.5,47        
"3,485.",Gallipoli,(1981),110 min,110 min,7.4,65        
"3,486.",John Dies at the End,(2012),R,99 min,6.3,53        
"3,487.",Fiddler on the Roof,(1971),U,181 min,8,67        
"3,488.",The Medallion,(2003),U,88 min,5.2,38        
"3,489.",Hung fan kui,(1995),R,104 min,6.7,61        
"3,490.",Black Sheep,(1996),U,87 min,6.2,34        
"3,491.",Dnevnoy dozor,(2006),R,132 min,6.4,59        
"3,492.",Greenberg,(2010),R,107 min,6.1,76        
"3,493.",Sabrina,(1995),PG,127 min,6.3,56        
"3,494.",The Merchant of Venice,(2004),R,131 min,7,63        
"3,495.",Encino Man,(1992),U,88 min,5.8,25        
"3,496.",Undercover Brother,(2002),PG-13,86 min,5.9,69        
"3,497.","Alexander and the Terrible, Horrible, No Good, Very Bad Day",(2014),PG,81 min,6.2,54        
"3,498.",Birth,(2004),R,100 min,6.2,51        
"3,499.",Bad Lieutenant,(1992),A,96 min,7,70        
"3,500.",Two Lovers,(2008),R,110 min,7,74        
"3,501.",Mimi wo sumaseba,(1995),U,111 min,7.8,75        
"3,502.",Lock Up,(1989),U,109 min,6.4,52        
"3,503.",The Messenger,(I) (2009),R,113 min,7.1,77        
"3,504.",A Nightmare on Elm Street: The Dream Child,(1989),A,89 min,5,54        
"3,505.",Spy Hard,(1996),UA,81 min,5.3,25        
"3,506.",Le dîner de cons,(1998),PG-13,80 min,7.6,73        
"3,507.",Halloween 4: The Return of Michael Myers,(1988),A,88 min,5.8,34        
"3,508.",Bulletproof,(1996),R,84 min,5.8,30        
"3,509.",Der Baader Meinhof Komplex,(2008),R,150 min,7.3,76        
"3,510.",A Room with a View,(1985),117 min,117 min,7.2,83        
"3,511.",Nine 1/2 Weeks,(1986),A,117 min,5.9,50        
"3,512.",Midnight Special,(2016),PG-13,112 min,6.6,76        
"3,513.",Another 48 Hrs.,(1990),UA,95 min,5.9,23        
"3,514.",Did You Hear About the Morgans?,(2009),PG-13,103 min,4.9,27        
"3,515.",Lucía y el sexo,(2001),A,128 min,7,65        
"3,516.",The To Do List,(2013),R,104 min,5.8,61        
"3,517.",Mean Machine,(2001),R,99 min,6.4,45        
"3,518.",Krampus,(I) (2015),PG-13,98 min,6.2,49        
"3,519.",The Hand That Rocks the Cradle,(1992),A,110 min,6.7,64        
"3,520.",Friday the 13th: The Final Chapter,(1984),UA,91 min,6,33        
"3,521.",Bully,(2001),R,108 min,6.9,45        
"3,522.",The Fog,(2005),A,100 min,3.7,27        
"3,523.",Kabhi Khushi Kabhie Gham...,(2001),U,210 min,7.4,
"3,524.",Holy Motors,(2012),115 min,115 min,7,84        
"3,525.",Amarcord,(1973),123 min,123 min,7.8,
"3,526.",Wasabi,(2001),UA,94 min,6.6,53        
"3,527.",Bullets Over Broadway,(1994),R,98 min,7.4,
"3,528.",Dead Ringers,(1988),UA,116 min,7.2,86        
"3,529.",Batman: Mask of the Phantasm,(1993),PG,76 min,7.8,65        
"3,530.",Private Parts,(1997),R,109 min,6.9,67        
"3,531.",Dead Calm,(1989),A,96 min,6.8,70        
"3,532.",The Broken Circle Breakdown,(2012),111 min,111 min,7.7,70        
"3,533.",The Message,(1976),177 min,177 min,8.1,
"3,534.",It's a Mad Mad Mad Mad World,(1963),210 min,210 min,7.5,59        
"3,535.",Presumed Innocent,(1990),UA,127 min,6.9,72        
"3,536.",The Butterfly Effect 2,(2006),UA,92 min,4.5,
"3,537.",Hit and Run,(I) (2012),A,100 min,6.1,50        
"3,538.",The Last Legion,(2007),PG-13,101 min,5.4,37        
"3,539.",Entre les murs,(2008),PG-13,128 min,7.5,92        
"3,540.",Wish I Was Here,(2014),R,106 min,6.6,43        
"3,541.",Gekijô-ban poketto monsutâ - Myûtsû no gyakushû,(1998),U,96 min,6.3,35        
"3,542.",Sophie's Choice,(1982),150 min,150 min,7.5,68        
"3,543.",Far from the Madding Crowd,(2015),PG-13,119 min,7.1,71        
"3,544.",The Fifth Estate,(2013),UA,128 min,6.2,49        
"3,545.",Central Intelligence,(2016),UA,107 min,6.3,52        
"3,546.",The Day of the Jackal,(1973),A,143 min,7.8,80        
"3,547.",Evita,(1996),U,135 min,6.3,45        
"3,548.",Drishyam,(2015),UA,163 min,8.2,
"3,549.",Soul Kitchen,(2009),99 min,99 min,7.2,76        
"3,550.",Camp X-Ray,(2014),R,117 min,6.9,54        
"3,551.",Sunrise: A Song of Two Humans,(1927),94 min,94 min,8.1,95        
"3,552.",Belle de jour,(1967),A,100 min,7.6,
"3,553.",The Nines,(2007),R,100 min,6.2,52        
"3,554.",Adam,(I) (2009),PG-13,99 min,7.1,56        
"3,555.",The Roommate,(I) (2011),94 min,94 min,4.8,23        
"3,556.",Udaan,(2010),UA,134 min,8.1,
"3,557.",Uptown Girls,(2003),PG-13,92 min,6.2,33        
"3,558.",Hollywoodland,(2006),R,126 min,6.5,62        
"3,559.",The Last Starfighter,(1984),U,100 min,6.7,67        
"3,560.",Igby Goes Down,(2002),R,98 min,6.8,72        
"3,561.",Apt Pupil,(1998),A,111 min,6.7,53        
"3,562.",Nowhere Boy,(2009),R,98 min,7.1,67        
"3,563.",The Paperboy,(2012),R,107 min,5.7,45        
"3,564.",Big Fat Liar,(2002),U,88 min,5.5,36        
"3,565.",À l'intérieur,(2007),A,82 min,6.7,
"3,566.",Zulu,(1964),U,138 min,7.7,77        
"3,567.",Liberal Arts,(2012),PG-13,97 min,6.7,55        
"3,568.",Up in Smoke,(1978),A,86 min,6.9,57        
"3,569.",Central do Brasil,(1998),R,110 min,8,80        
"3,570.",Guess Who's Coming to Dinner,(1967),108 min,108 min,7.8,63        
"3,571.",Message in a Bottle,(1999),UA,126 min,6.2,40        
"3,572.",Book of Shadows: Blair Witch 2,(2000),R,90 min,4,15        
"3,573.",Shattered Glass,(2003),U,94 min,7.1,73        
"3,574.",Om Shanti Om,(2007),UA,162 min,6.7,
"3,575.",Bandidas,(2006),PG-13,93 min,5.7,
"3,576.",Red Tails,(2012),PG-13,125 min,5.9,46        
"3,577.",The New Guy,(2002),UA,88 min,5.8,24        
"3,578.",Thick as Thieves,(I) (2009),R,104 min,6,
"3,579.",The Cooler,(2003),R,101 min,6.9,69        
"3,580.",Double Impact,(1991),R,110 min,5.6,40        
"3,581.",The Crucible,(1996),A,124 min,6.8,75        
"3,582.",Drumline,(2002),PG-13,118 min,5.9,63        
"3,583.",Exorcist: The Beginning,(2004),A,114 min,5.1,30        
"3,584.",The Great Outdoors,(1988),91 min,91 min,6.6,24        
"3,585.",The Cave,(2005),UA,97 min,5.1,30        
"3,586.",Seed of Chucky,(2004),A,87 min,4.9,46        
"3,587.",Femme Fatale,(2002),R,114 min,6.2,60        
"3,588.",Key Largo,(1948),100 min,100 min,7.7,
"3,589.",Choke,(2008),R,92 min,6.4,47        
"3,590.",Halloween III: Season of the Witch,(1982),98 min,98 min,5.1,50        
"3,591.",Admission,(2013),PG-13,108 min,5.7,48        
"3,592.",The Cold Light of Day,(2012),UA,93 min,4.9,22        
"3,593.",The Last Days on Mars,(2013),R,98 min,5.5,46        
"3,594.",Secrets & Lies,(1996),U,136 min,8,92        
"3,595.",The Shipping News,(2001),U,111 min,6.7,47        
"3,596.",Bachelor Party,(1984),105 min,105 min,6.3,56        
"3,597.",The Killer Inside Me,(2010),R,109 min,6.1,53        
"3,598.",Sydney,(1996),R,102 min,7.1,78        
"3,599.",Paranoia,(I) (2013),PG-13,106 min,5.6,32        
"3,600.",L'illusionniste,(2010),PG,80 min,7.5,82        
"3,601.",Manhattan Murder Mystery,(1993),PG,104 min,7.3,71        
"3,602.",Adventures in Babysitting,(1987),U,102 min,6.9,45        
"3,603.",C'est arrivé près de chez vous,(1992),Not Rated,95 min,7.4,67        
"3,604.",Spice World,(1997),Not Rated,93 min,3.7,34        
"3,605.",The Lazarus Effect,(2015),PG-13,83 min,5.2,31        
"3,606.",Hera Pheri,(2000),U,156 min,8.2,
"3,607.",Keeping Mum,(2005),R,99 min,6.8,53        
"3,608.",Brewster's Millions,(1985),U,102 min,6.5,37        
"3,609.",Turist,(2014),R,120 min,7.2,87        
"3,610.",Killing Season,(2013),R,91 min,5.4,25        
"3,611.",The Gunman,(2015),R,115 min,5.8,39        
"3,612.",Dolores Claiborne,(1995),R,132 min,7.4,62        
"3,613.",The Good Son,(1993),A,87 min,6.4,45        
"3,614.",Jaws 3-D,(1983),UA,99 min,3.7,27        
"3,615.",Slap Shot,(1977),UA,123 min,7.3,61        
"3,616.",Alex Cross,(2012),PG-13,101 min,5.2,30        
"3,617.",Silverado,(1985),UA,133 min,7.2,64        
"3,618.",Man of Tai Chi,(2013),R,105 min,6,52        
"3,619.",Maps to the Stars,(2014),R,111 min,6.2,68        
"3,620.","I Love You, Beth Cooper",(2009),UA,102 min,5.3,32        
"3,621.",Cube Zero,(2004),UA,97 min,5.6,
"3,622.",The Four Feathers,(2002),PG-13,132 min,6.5,49        
"3,623.",Victor Frankenstein,(2015),All,110 min,5.9,36        
"3,624.",The Secret Garden,(1993),101 min,101 min,7.3,74        
"3,625.",Captain Corelli's Mandolin,(2001),R,131 min,5.9,36        
"3,626.",Nim's Island,(2008),PG,96 min,6,55        
"3,627.",Hot Tub Time Machine 2,(2015),R,93 min,5,29        
"3,628.",La double vie de Véronique,(1991),R,98 min,7.7,86        
"3,629.",Find Me Guilty,(2006),R,125 min,7,65        
"3,630.",Masters of the Universe,(1987),U,106 min,5.4,35        
"3,631.",Heist,(2001),R,109 min,6.5,66        
"3,632.",So I Married an Axe Murderer,(1993),UA,93 min,6.5,54        
"3,633.",Joe Versus the Volcano,(1990),U,102 min,5.9,45        
"3,634.",Man of the Year,(2006),PG-13,115 min,6.2,39        
"3,635.",Ride Along 2,(2016),U,102 min,5.9,32        
"3,636.",Muriel's Wedding,(1994),R,106 min,7.2,63        
"3,637.",Shane,(1953),118 min,118 min,7.6,85        
"3,638.",Smoke,(1995),R,112 min,7.4,70        
"3,639.",D2: The Mighty Ducks,(1994),PG,106 min,6.1,
"3,640.",Tesis,(1996),R,125 min,7.4,
"3,641.",The Railway Man,(2013),R,116 min,7.1,59        
"3,642.",Charlotte's Web,(2006),U,97 min,6.3,68        
"3,643.",Talaash,(2012),UA,140 min,7.2,65        
"3,644.",The Lawnmower Man,(1992),U,108 min,5.4,42        
"3,645.",St. Elmo's Fire,(1985),U,110 min,6.4,35        
"3,646.",Ngo si seoi,(1998),UA,120 min,6.8,
"3,647.",Emma,(1996),PG,120 min,6.6,66        
"3,648.",Velvet Goldmine,(1998),R,118 min,6.9,65        
"3,649.",Undisputed III: Redemption,(2010 Video),R,96 min,7.3,
"3,650.",The Loved Ones,(2009),Not Rated,84 min,6.6,73        
"3,651.",It Could Happen to You,(1994),U,101 min,6.4,64        
"3,652.",In the Land of Women,(2007),PG-13,97 min,6.4,47        
"3,653.",54,(1998),R,93 min,5.9,33        
"3,654.",Sweet and Lowdown,(1999),PG-13,95 min,7.2,70        
"3,655.",Leatherheads,(2008),PG-13,114 min,6,56        
"3,656.",Dungeons & Dragons,(2000),UA,107 min,3.6,14        
"3,657.",Chaos Theory,(II) (2007),PG-13,87 min,6.6,44        
"3,658.",Bug,(2006),R,102 min,6.1,62        
"3,659.",Prom Night,(I) (2008),A,88 min,3.9,17        
"3,660.",Bananas,(1971),PG-13,82 min,6.9,67        
"3,661.",Fighting,(2009),PG-13,105 min,5.6,61        
"3,662.",Waar,(2013),130 min,130 min,7.5,
"3,663.",The Phantom,(1996),UA,100 min,5.1,53        
"3,664.",Love and Death,(1975),85 min,85 min,7.7,89        
"3,665.",The Amityville Horror,(1979),A,117 min,6.2,28        
"3,666.",Exit Wounds,(2001),R,101 min,5.6,39        
"3,667.",Bacheha-Ye aseman,(1997),PG,89 min,8.2,77        
"3,668.",Blow Out,(1981),A,108 min,7.4,86        
"3,669.",The Way of the Gun,(2000),R,119 min,6.6,49        
"3,670.",Christmas with the Kranks,(2004),U,99 min,5.5,22        
"3,671.",The Lizzie McGuire Movie,(2003),U,94 min,5.5,56        
"3,672.",Fantasia 2000,(1999),75 min,75 min,7.1,59        
"3,673.",The Missing,(I) (2003),R,137 min,6.5,55        
"3,674.",The Secret of NIMH,(1982),U,82 min,7.5,76        
"3,675.",The Peanuts Movie,(2015),G,88 min,7,67        
"3,676.",Slow West,(2015),R,84 min,6.9,72        
"3,677.",Le locataire,(1976),UA,126 min,7.6,71        
"3,678.",The Marine,(2006),PG-13,92 min,4.7,45        
"3,679.",Next Friday,(2000),R,98 min,6.1,41        
"3,680.",Garfield: A Tale of Two Kitties,(2006),U,82 min,5,37        
"3,681.",Fools Rush In,(1997),PG-13,109 min,6.1,38        
"3,682.",Che: Part Two,(2008),135 min,135 min,6.8,64        
"3,683.",Jules et Jim,(1962),105 min,105 min,7.7,97        
"3,684.",Dracula 2000,(2000),R,99 min,4.9,26        
"3,685.",Mommy,(I) (2014),R,139 min,8,74        
"3,686.",The Woodsman,(2004),R,87 min,7.1,72        
"3,687.",Madeo,(2009),R,129 min,7.7,79        
"3,688.",Shortbus,(2006),101 min,101 min,6.4,64        
"3,689.",Caligola,(1979),A,156 min,5.3,
"3,690.",Passengers,(2008),PG-13,93 min,5.8,40        
"3,691.",City Island,(2009),PG-13,104 min,7.3,66        
"3,692.",Get Carter,(2000),R,102 min,5.1,24        
"3,693.",Lage Raho Munna Bhai,(2006),U,144 min,8,
"3,694.",The Wackness,(2008),R,99 min,6.9,61        
"3,695.",Pâfekuto burû,(1997),A,81 min,8,67        
"3,696.",Drop Dead Gorgeous,(1999),PG-13,97 min,6.7,28        
"3,697.",Maniac,(2012),89 min,89 min,6.1,47        
"3,698.",C.R.A.Z.Y.,(2005),Not Rated,129 min,7.8,81        
"3,699.",The Innkeepers,(2011),R,101 min,5.5,64        
"3,700.",The Smurfs 2,(2013),U,105 min,5.3,34        
"3,701.",The Time Machine,(1960),U,103 min,7.5,67        
"3,702.",Instinct,(1999),R,126 min,6.5,43        
"3,703.",OMG: Oh My God!,(2012),U,125 min,8.1,
"3,704.",Peggy Sue Got Married,(1986),U,103 min,6.4,75        
"3,705.",Dark Places,(2015),R,113 min,6.2,39        
"3,706.",Throw Momma from the Train,(1987),A,88 min,6.3,56        
"3,707.",Melinda and Melinda,(2004),PG-13,99 min,6.4,54        
"3,708.",Le charme discret de la bourgeoisie,(1972),102 min,102 min,7.8,93        
"3,709.",Straw Dogs,(2011),UA,110 min,5.8,45        
"3,710.",The Rescuers Down Under,(1990),77 min,77 min,6.8,68        
"3,711.",Cypher,(2002),R,95 min,6.7,
"3,712.",The Final Cut,(2004),PG-13,95 min,6.1,43        
"3,713.",The Boy Next Door,(2015),A,91 min,4.7,30        
"3,714.",V/H/S/2,(2013),A,96 min,6,49        
"3,715.",Where the Heart Is,(2000),U,120 min,6.7,30        
"3,716.","The Cook, the Thief, His Wife & Her Lover",(1989),124 min,124 min,7.5,62        
"3,717.",Cake,(II) (2014),R,102 min,6.4,49        
"3,718.",Coriolanus,(2011),UA,123 min,6.1,79        
"3,719.",The Quiet Man,(1952),129 min,129 min,7.7,85        
"3,720.",24 Hour Party People,(2002),R,117 min,7.3,85        
"3,721.",Son of Rambow,(2007),U,96 min,7,66        
"3,722.",Last Knights,(2015),R,115 min,6.2,27        
"3,723.",Die fetten Jahre sind vorbei,(2004),R,127 min,7.4,68        
"3,724.",Hair,(1979),121 min,121 min,7.5,68        
"3,725.",Tideland,(2005),R,120 min,6.3,26        
"3,726.",The Unbearable Lightness of Being,(1988),A,171 min,7.3,73        
"3,727.",Halloween: Resurrection,(2002),R,90 min,3.9,19        
"3,728.",Hard Rain,(1998),R,97 min,5.9,36        
"3,729.",The Human Centipede II (Full Sequence),(2011),91 min,91 min,3.8,17        
"3,730.",2 Days in Paris,(2007),96 min,96 min,6.7,67        
"3,731.",Cujo,(1983),UA,93 min,6.1,57        
"3,732.",The Skulls,(2000),PG-13,106 min,5.6,24        
"3,733.",Pathology,(2008),R,95 min,5.9,55        
"3,734.",Vicky Donor,(2012),UA,126 min,7.8,
"3,735.",Little Big Man,(1970),A,139 min,7.5,63        
"3,736.",Le violon rouge,(1998),R,130 min,7.6,57        
"3,737.",Now Is Good,(2012),PG-13,103 min,7,
"3,738.",Jûbê ninpûchô,(1993),A,94 min,7.8,
"3,739.",Flypaper,(2011),87 min,87 min,6.3,37        
"3,740.","Tomorrow, When the War Began",(2010),R,104 min,6.1,54        
"3,741.",The Ridiculous 6,(2015),119 min,119 min,4.8,18        
"3,742.",La Grande Illusion,(1937),113 min,113 min,8.1,
"3,743.",Westworld,(1973),U,88 min,6.9,77        
"3,744.",May,(2002),R,93 min,6.6,58        
"3,745.",Welcome to the Punch,(2013),R,99 min,6.1,49        
"3,746.",Agent Cody Banks,(2003),U,102 min,5.1,41        
"3,747.",The Salton Sea,(2002),R,103 min,7,41        
"3,748.",The Sweet Hereafter,(1997),R,112 min,7.5,91        
"3,749.",If Only,(2004),PG-13,92 min,7,
"3,750.",Forces of Nature,(1999),A,105 min,5.5,46        
"3,751.",Innocence,(I) (2004),UA,100 min,7.4,68        
"3,752.",The Finest Hours,(2016),U,117 min,6.7,58        
"3,753.",Father of the Bride Part II,(1995),U,106 min,6.1,49        
"3,754.",Byôsoku 5 senchimêtoru,(2007),U,63 min,7.5,
"3,755.",Spartan,(2004),R,106 min,6.5,60        
"3,756.",One Missed Call,(2008),A,87 min,4,24        
"3,757.",Splinter,(I) (2008),R,82 min,6.1,58        
"3,758.",Boat Trip,(2002),R,94 min,4.9,18        
"3,759.",Shutter,(I) (2008),A,85 min,5.2,37        
"3,760.",Beautiful Girls,(1996),R,112 min,7.1,65        
"3,761.",Deep Rising,(1998),A,106 min,6.1,
"3,762.",All Dogs Go to Heaven,(1989),U,84 min,6.7,50        
"3,763.",The Transporter Refueled,(2015),UA,96 min,5.2,32        
"3,764.",Welcome to the Dollhouse,(1995),R,88 min,7.4,83        
"3,765.",Antwone Fisher,(2002),PG-13,120 min,7.3,62        
"3,766.",L'instinct de mort,(2008),R,113 min,7.5,71        
"3,767.",Toys,(1992),U,118 min,5.1,40        
"3,768.",Frequently Asked Questions About Time Travel,(2009),83 min,83 min,7,
"3,769.",Tôkyô monogatari,(1953),U,136 min,8.1,100        
"3,770.",The Rookie,(2002),127 min,127 min,6.9,72        
"3,771.",Bir Zamanlar Anadolu'da,(2011),157 min,157 min,7.8,82        
"3,772.",Envy,(2004),U,99 min,4.8,31        
"3,773.",102 Dalmatians,(2000),100 min,100 min,4.8,35        
"3,774.",Le Petit Prince,(2015),PG,108 min,7.7,70        
"3,775.",Mean Creek,(2004),R,90 min,7.1,74        
"3,776.",Neighbors 2: Sorority Rising,(2016),R,92 min,5.7,58        
"3,777.",Grease 2,(1982),A,115 min,4.5,52        
"3,778.",Fan,(I) (2016),UA,142 min,6.9,
"3,779.",Hedwig and the Angry Inch,(2001),R,95 min,7.7,85        
"3,780.",No Way Out,(1987),UA,114 min,7.1,77        
"3,781.",Giant,(1956),U,201 min,7.6,84        
"3,782.",The Verdict,(1982),U,129 min,7.7,77        
"3,783.",Time Lapse,(2014),104 min,104 min,6.5,50        
"3,784.",The Haunting,(1963),A,112 min,7.4,74        
"3,785.",Armored,(2009),PG-13,88 min,5.7,50        
"3,786.",Kind Hearts and Coronets,(1949),U,106 min,8,
"3,787.",Il postino,(1994),Not Rated,108 min,7.8,81        
"3,788.",Brief Encounter,(1945),U,86 min,8,92        
"3,789.",Hababam Sinifi,(1975),87 min,87 min,9.2,
"3,790.",Cursed,(2005),A,97 min,5,31        
"3,791.",Joheunnom nabbeunnom isanghannom,(2008),R,139 min,7.2,69        
"3,792.",Rubber,(2010),R,82 min,5.7,59        
"3,793.",School for Scoundrels,(2006),PG-13,100 min,5.9,44        
"3,794.",Bedknobs and Broomsticks,(1971),117 min,117 min,7,59        
"3,795.",Yip Man chin chyun,(2010),100 min,100 min,7,
"3,796.",P2,(2007),R,98 min,5.9,37        
"3,797.",Doc Hollywood,(1991),104 min,104 min,6.3,56        
"3,798.",The Company You Keep,(2012),R,125 min,6.4,57        
"3,799.",Blue Crush,(2002),UA,104 min,5.7,61        
"3,800.",The Island of Dr. Moreau,(1996),A,96 min,4.6,37        
"3,801.",For Love of the Game,(1999),U,137 min,6.6,43        
"3,802.",Happythankyoumoreplease,(2010),R,100 min,6.7,45        
"3,803.",Kokuhaku,(2010),106 min,106 min,7.7,
"3,804.",This Must Be the Place,(2011),R,118 min,6.7,61        
"3,805.",[Rec]³: Génesis,(2012),R,80 min,5,45        
"3,806.",Goal II: Living the Dream,(2007),PG-13,115 min,5.8,
"3,807.",Big Nothing,(2006),R,86 min,6.7,
"3,808.",Boogeyman,(2005),PG-13,89 min,4.2,32        
"3,809.",Auf der anderen Seite,(2007),122 min,122 min,7.7,85        
"3,810.",Green Room,(2015),18,95 min,7,79        
"3,811.",One Night at McCool's,(2001),R,93 min,6.2,46        
"3,812.",All the Boys Love Mandy Lane,(2006),R,90 min,5.5,44        
"3,813.",The Cannonball Run,(1981),U,95 min,6.2,28        
"3,814.",Must Love Dogs,(2005),UA,98 min,5.9,46        
"3,815.",Unknown,(I) (2006),85 min,85 min,6.4,44        
"3,816.",Darkness Falls,(2003),PG-13,86 min,5,23        
"3,817.",In a World...,(2013),R,93 min,6.7,79        
"3,818.",Le notti di Cabiria,(1957),110 min,110 min,8.1,
"3,819.",Stay Alive,(2006),UA,85 min,5,24        
"3,820.",The Andromeda Strain,(1971),U,131 min,7.2,60        
"3,821.",Arthur et les Minimoys,(2006),U,94 min,6,39        
"3,822.",Pusher,(1996),Not Rated,110 min,7.3,72        
"3,823.",Bitter Moon,(1992),R,139 min,7.2,62        
"3,824.",Sleuth,(2007),R,88 min,6.4,49        
"3,825.",Solace,(II) (2015),R,101 min,6.4,36        
"3,826.",K-9,(1989),U,101 min,6,44        
"3,827.",Angel-A,(2005),R,91 min,7,48        
"3,828.",Hors de prix,(2006),PG-13,106 min,7,72        
"3,829.",Devdas,(I) (2002),U,185 min,7.5,
"3,830.",Sleeping Beauty,(2011),A,101 min,5.3,61        
"3,831.",Demolition,(2015),16,101 min,7,49        
"3,832.",The Big Chill,(1983),U,105 min,7.1,61        
"3,833.",Kill List,(2011),95 min,95 min,6.4,67        
"3,834.",Cold in July,(2014),R,109 min,6.7,73        
"3,835.",Happy New Year,(I) (2014),U,180 min,5,
"3,836.",Astro Boy,(2009),U,94 min,6.2,53        
"3,837.",Darbareye Elly,(2009),119 min,119 min,7.9,87        
"3,838.",Sudden Death,(1995),R,111 min,5.8,
"3,839.",Dragnet,(1987),U,106 min,6,62        
"3,840.",The Last House on the Left,(1972),84 min,84 min,5.9,68        
"3,841.",Sin nombre,(2009),R,96 min,7.5,77        
"3,842.",Kill Your Darlings,(2013),R,104 min,6.4,65        
"3,843.",6 Souls,(2010),R,112 min,6,28        
"3,844.",Osmosis Jones,(2001),PG,95 min,6.3,57        
"3,845.",Antitrust,(2001),U,108 min,6.1,31        
"3,846.",Efter brylluppet,(2006),R,120 min,7.7,78        
"3,847.",White Oleander,(2002),UA,109 min,7.1,61        
"3,848.",Feast,(2005),R,95 min,6.2,43        
"3,849.",Twilight Zone: The Movie,(1983),UA,101 min,6.4,44        
"3,850.",Bubble Boy,(2001),PG-13,84 min,5.7,41        
"3,851.",The Human Stain,(2003),R,106 min,6.2,57        
"3,852.",L'immortel,(2010),117 min,117 min,6.6,
"3,853.",Once Were Warriors,(1994),A,102 min,7.9,77        
"3,854.",The Three Stooges,(2012),PG,92 min,5.1,56        
"3,855.",Oliver Twist,(2005),PG-13,130 min,6.8,65        
"3,856.",Near Dark,(1987),Not Rated,94 min,6.9,78        
"3,857.",The Muppet Movie,(1979),U,95 min,7.6,74        
"3,858.",The Glass House,(2001),PG-13,106 min,5.8,34        
"3,859.",True Crime,(1999),R,127 min,6.6,64        
"3,860.",Blues Brothers 2000,(1998),U,123 min,4.9,
"3,861.",The Seven Year Itch,(1955),105 min,105 min,7.1,
"3,862.",Hang 'Em High,(1968),A,114 min,7,62        
"3,863.",Butterfly on a Wheel,(2007),U,95 min,6.6,
"3,864.",An American Crime,(2007),R,98 min,7.2,
"3,865.",Jui kuen,(1978),U,111 min,7.4,68        
"3,866.",Police Academy 5: Assignment: Miami Beach,(1988),U,90 min,4.6,18        
"3,867.",Hysteria,(2011),R,100 min,6.7,53        
"3,868.",Idi i smotri,(1985),A,142 min,8.4,
"3,869.",Jersey Boys,(2014),UA,134 min,6.8,54        
"3,870.",Victoria,(II) (2015),138 min,138 min,7.6,77        
"3,871.",Five Easy Pieces,(1970),U,98 min,7.4,85        
"3,872.",Superbabies: Baby Geniuses 2,(2004),PG,88 min,1.5,9        
"3,873.",The Art of War,(2000),R,117 min,5.7,30        
"3,874.",Love Happens,(2009),PG-13,109 min,5.7,33        
"3,875.",L.A. Story,(1991),U,95 min,6.7,66        
"3,876.",Paranoid Park,(2007),R,85 min,6.6,84        
"3,877.",Drugstore Cowboy,(1989),15+,101 min,7.3,82        
"3,878.",Oliver!,(1968),U,153 min,7.4,74        
"3,879.",Jason Lives: Friday the 13th Part VI,(1986),86 min,86 min,6,30        
"3,880.",Repo Man,(1984),92 min,92 min,6.9,82        
"3,881.",The Arrival,(1996),PG-13,115 min,6.2,56        
"3,882.",The War of the Worlds,(1953),U,85 min,7,78        
"3,883.",The Physician,(2013),R,155 min,7.2,
"3,884.",Blood and Bone,(2009),R,93 min,6.7,
"3,885.",The Commitments,(1991),U,118 min,7.6,73        
"3,886.",Step Up All In,(2014),UA,112 min,5.9,45        
"3,887.",Picnic at Hanging Rock,(1975),U,115 min,7.4,81        
"3,888.",Dalkomhan insaeng,(2005),119 min,119 min,7.5,
"3,889.",A Little Princess,(1995),U,97 min,7.6,83        
"3,890.",Rockstar,(2011),UA,159 min,7.7,
"3,891.",1941,(1979),U,118 min,5.8,34        
"3,892.",Prince of Darkness,(1987),102 min,102 min,6.7,50        
"3,893.","Mujeres al borde de un ataque de ""nervios""",(1988),88 min,88 min,7.5,85        
"3,894.",Anything Else,(2003),R,108 min,6.3,43        
"3,895.",Double Team,(1997),UA,93 min,4.8,44        
"3,896.",The Odd Couple,(1968),105 min,105 min,7.6,86        
"3,897.",Hundraåringen som klev ut genom fönstret och försvann,(2013),R,114 min,7,58        
"3,898.",Goya's Ghosts,(2006),R,113 min,6.9,52        
"3,899.",Teenage Mutant Ninja Turtles III,(1993),U,96 min,4.8,40        
"3,900.",Stranger Than Paradise,(1984),89 min,89 min,7.4,86        
"3,901.",Spoorloos,(1988),Not Rated,107 min,7.7,
"3,902.",Fido,(2006),R,93 min,6.7,70        
"3,903.",Tsotsi,(2005),UA,95 min,7.2,70        
"3,904.",Death Wish,(1974),A,93 min,6.9,51        
"3,905.",Yeh Jawaani Hai Deewani,(2013),UA,160 min,7.2,
"3,906.",Tora! Tora! Tora!,(1970),144 min,144 min,7.5,46        
"3,907.",Watership Down,(1978),Not Rated,91 min,7.6,64        
"3,908.",Gods and Monsters,(1998),R,105 min,7.3,74        
"3,909.",Pulse,(I) (2006),PG-13,90 min,4.7,29        
"3,910.",The Machine,(I) (2013),R,91 min,6,52        
"3,911.",Chasing Mavericks,(2012),UA,116 min,7.1,45        
"3,912.",Les invasions barbares,(2003),R,99 min,7.5,70        
"3,913.",La passion de Jeanne d'Arc,(1928),110 min,110 min,8.1,98        
"3,914.",Police Academy: Mission to Moscow,(1994),U,83 min,3.5,11        
"3,915.",The Lost Weekend,(1945),101 min,101 min,7.9,
"3,916.",Sinister 2,(2015),A,97 min,5.3,32        
"3,917.",The Trouble with Harry,(1955),A,99 min,7,74        
"3,918.",Babe: Pig in the City,(1998),97 min,97 min,5.8,68        
"3,919.",The Big Hit,(1998),R,91 min,6,31        
"3,920.",Pushing Tin,(1999),A,124 min,6,47        
"3,921.",Child's Play 3,(1991),UA,90 min,5.2,27        
"3,922.",Murder by Death,(1976),95 min,95 min,7.3,62        
"3,923.",Gin gwai,(2002),R,99 min,6.6,66        
"3,924.",Kis Uykusu,(2014),196 min,196 min,8,88        
"3,925.",Black Sea,(2014),R,114 min,6.4,62        
"3,926.",Ken Park,(2002),93 min,93 min,5.8,
"3,927.",Tank Girl,(1995),R,104 min,5.4,46        
"3,928.",A Long Way Down,(2014),R,96 min,6.3,34        
"3,929.",Multiplicity,(1996),UA,117 min,6.1,53        
"3,930.",A Night at the Opera,(1935),96 min,96 min,7.8,
"3,931.",Tyrannosaur,(2011),92 min,92 min,7.5,65        
"3,932.",Seraphim Falls,(2006),R,115 min,6.6,62        
"3,933.",Left Behind,(I) (2014),PG-13,110 min,3.1,12        
"3,934.",Micmacs à tire-larigot,(2009),R,105 min,7.1,62        
"3,935.",Annie,(2014),U,118 min,5.3,33        
"3,936.",Taking Woodstock,(2009),A,120 min,6.7,55        
"3,937.",Compliance,(2012),R,90 min,6.4,68        
"3,938.",A Walk in the Clouds,(1995),UA,102 min,6.7,54        
"3,939.",Lionheart,(1990),A,108 min,6.2,41        
"3,940.",Ong Bak 2,(2008),R,98 min,6.2,47        
"3,941.",Yi dai zong shi,(2013),PG-13,130 min,6.6,73        
"3,942.",Troll 2,(1990),U,95 min,3,
"3,943.",Don,(I) (2006),UA,178 min,7.1,
"3,944.",The Witches,(1990),U,91 min,6.8,78        
"3,945.",Resident Evil: Degeneration,(2008),R,97 min,6.4,
"3,946.",The Whistleblower,(2010),A,112 min,7.1,59        
"3,947.",The Prophecy,(1995),R,98 min,6.4,44        
"3,948.",Jack Frost,(1998),U,101 min,5.4,40        
"3,949.",Alan Partridge: Alpha Papa,(2013),R,90 min,6.9,66        
"3,950.",Les visiteurs,(1993),R,107 min,7,
"3,951.",Scouts Guide to the Zombie Apocalypse,(2015),Not Rated,93 min,6.3,32        
"3,952.",The Limey,(1999),R,89 min,6.9,73        
"3,953.",Celeste & Jesse Forever,(2012),R,92 min,6.6,59        
"3,954.",Gummo,(1997),A,89 min,6.6,19        
"3,955.",Honogurai mizu no soko kara,(2002),UA,101 min,6.7,
"3,956.",Barbarella,(1968),U,98 min,5.9,51        
"3,957.",Rumble Fish,(1983),A,94 min,7.1,63        
"3,958.",Muppets Most Wanted,(2014),U,107 min,6.4,61        
"3,959.",The Lord of the Rings,(1978),U,132 min,6.2,
"3,960.",Before We Go,(I) (2014),UA,95 min,6.8,31        
"3,961.",Ils,(2006),R,77 min,6.4,60        
"3,962.",Universal Soldier: The Return,(1999),A,83 min,4.2,24        
"3,963.",Radio Days,(1987),U,88 min,7.4,74        
"3,964.",Powder,(1995),PG-13,111 min,6.6,
"3,965.",A Mighty Heart,(2007),A,108 min,6.6,74        
"3,966.",Looney Tunes: Back in Action,(2003),U,93 min,5.8,64        
"3,967.",Idioterne,(1998),R,117 min,6.7,48        
"3,968.",Michael Collins,(1996),UA,133 min,7.1,59        
"3,969.",The Many Adventures of Winnie the Pooh,(1977),U,74 min,7.5,
"3,970.",Leaves of Grass,(2009),R,105 min,6.4,58        
"3,971.",Things We Lost in the Fire,(2007),R,118 min,7.1,63        
"3,972.",Hop,(2011),U,95 min,5.4,41        
"3,973.",Single White Female,(1992),R,107 min,6.4,63        
"3,974.",Harry and the Hendersons,(1987),U,110 min,6.1,42        
"3,975.",The Accused,(1988),A,111 min,7.1,65        
"3,976.",The Quiet American,(2002),U,101 min,7,84        
"3,977.",My Boss's Daughter,(2003),PG-13,86 min,4.7,15        
"3,978.",Song of the Sea,(2014),PG,93 min,8,85        
"3,979.",An Unfinished Life,(2005),PG-13,108 min,7,49        
"3,980.",Kakushi-toride no san-akunin,(1958),139 min,139 min,8.1,89        
"3,981.",Stalingrad,(1993),134 min,134 min,7.5,
"3,982.",Sorority Row,(2009),R,101 min,5.1,24        
"3,983.",Au revoir les enfants,(1987),U,104 min,8,88        
"3,984.",Nixon,(1995),R,192 min,7.1,66        
"3,985.",Primary Colors,(1998),R,143 min,6.7,70        
"3,986.",Altered States,(1980),102 min,102 min,6.9,58        
"3,987.",Reno 911!: Miami,(2007),R,80 min,5.9,47        
"3,988.",Undisputed II: Last Man Standing,(2006 Video),R,98 min,7,
"3,989.",Playing for Keeps,(2012),UA,105 min,5.7,27        
"3,990.",The Man Who Knew Too Little,(1997),PG,94 min,6.6,
"3,991.",Jimmy Neutron: Boy Genius,(2001),U,82 min,6.1,65        
"3,992.",Qu'est-ce qu'on a fait au bon Dieu?,(2014),97 min,97 min,7,
"3,993.",Dressed to Kill,(1980),A,104 min,7.1,74        
"3,994.",The Football Factory,(2004),A,91 min,6.7,
"3,995.",Can't Buy Me Love,(1987),U,94 min,6.8,36        
"3,996.",Miss Potter,(2006),PG,88 min,7,57        
"3,997.",Gedo senki,(2006),U,115 min,6.3,47        
"3,998.",The People Under the Stairs,(1991),A,102 min,6.4,57        
"3,999.",King of New York,(1990),A,103 min,6.9,66        
"4,000.",Popeye,(1980),U,114 min,5.4,64        
"4,001.",Shaun the Sheep Movie,(2015),U,85 min,7.3,81        
"4,002.",Club Dread,(2004),R,104 min,5.7,45        
"4,003.",Real Genius,(1985),108 min,108 min,6.9,71        
"4,004.",Young Guns II,(1990),A,104 min,6.5,47        
"4,005.",What Just Happened,(2008),R,104 min,5.6,
"4,006.",Hush,(I) (2016),18,82 min,6.6,67        
"4,007.",Torque,(2004),PG-13,84 min,4.1,41        
"4,008.",Romeo and Juliet,(1968),U,138 min,7.6,69        
"4,009.",New Jack City,(1991),R,97 min,6.6,61        
"4,010.",The Tailor of Panama,(2001),R,109 min,6.1,66        
"4,011.",A Man for All Seasons,(1966),U,120 min,7.7,72        
"4,012.",Erased,(2012),R,100 min,6,34        
"4,013.",The Conspirator,(2010),PG-13,122 min,6.9,55        
"4,014.",You Got Served,(2004),UA 16+,95 min,3.8,37        
"4,015.",Mientras duermes,(2011),102 min,102 min,7.2,70        
"4,016.",Mutant Chronicles,(2008),R,111 min,5.2,
"4,017.",8 femmes,(2002),R,111 min,7,64        
"4,018.",The Double,(I) (2011),PG-13,98 min,5.9,37        
"4,019.",Another Year,(2010),PG-13,129 min,7.4,81        
"4,020.",Murder at 1600,(1997),A,107 min,6.1,48        
"4,021.",And Now for Something Completely Different,(1971),88 min,88 min,7.5,
"4,022.",From Justin to Kelly,(2003),PG,81 min,1.9,14        
"4,023.",Andrei Rublev,(1966),205 min,205 min,8.1,
"4,024.",Critters,(1986),U,86 min,6.1,52        
"4,025.",Suspicion,(1941),99 min,99 min,7.3,83        
"4,026.",Virtuosity,(1995),UA,106 min,5.5,39        
"4,027.",Creep,(I) (2004),R,85 min,5.6,
"4,028.",Oscar,(1991),U,109 min,6.5,47        
"4,029.",Searching for Bobby Fischer,(1993),13,109 min,7.4,89        
"4,030.",Escape from the Planet of the Apes,(1971),U,98 min,6.3,69        
"4,031.",The Perfect Man,(2005),PG,100 min,5.4,27        
"4,032.",L'ennemi public n°1,(2008),R,133 min,7.4,72        
"4,033.",Kagemusha,(1980),U,180 min,7.9,84        
"4,034.",Rabbit-Proof Fence,(2002),PG,94 min,7.4,80        
"4,035.",Cyborg,(1989),86 min,86 min,5,24        
"4,036.",Heavy Metal,(1981),A,86 min,6.6,51        
"4,037.",13 Sins,(2014),R,93 min,6.3,44        
"4,038.",Kangaroo Jack,(2003),U,89 min,4.5,16        
"4,039.",Interstate 60: Episodes of the Road,(2002),R,116 min,7.6,
"4,040.",Henry V,(1989),U,137 min,7.5,83        
"4,041.",Naked,(1993),131 min,131 min,7.7,85        
"4,042.",*batteries not included,(1987),Not Rated,106 min,6.6,54        
"4,043.",The Stepfather,(2009),A,101 min,5.6,33        
"4,044.",Confessions of a Teenage Drama Queen,(2004),PG,89 min,4.7,33        
"4,045.",Paul Blart: Mall Cop 2,(2015),PG,94 min,4.4,13        
"4,046.",Fortress,(1992),R,95 min,5.9,48        
"4,047.",Nosferatu - Phantom der Nacht,(1979),107 min,107 min,7.4,79        
"4,048.",Regarding Henry,(1991),U,108 min,6.7,47        
"4,049.",The Assassination of Richard Nixon,(2004),R,95 min,6.9,63        
"4,050.",The Replacement Killers,(1998),A,87 min,6.1,42        
"4,051.",Sid and Nancy,(1986),Not Rated,112 min,7,76        
"4,052.",Hatchet,(2006),R,93 min,5.6,57        
"4,053.",Body Heat,(1981),18,113 min,7.4,77        
"4,054.",Black,(2005),U,122 min,8.1,
"4,055.","McFarland, USA",(2015),PG,129 min,7.4,60        
"4,056.",Krull,(1983),U,116 min,6.1,45        
"4,057.",A Civil Action,(1998),U,115 min,6.6,68        
"4,058.",To Have and Have Not,(1944),PG,100 min,7.8,90        
"4,059.",Adoration,(2013),R,112 min,6.2,37        
"4,060.",The Salvation,(2014),R,92 min,6.7,64        
"4,061.",Conquest of the Planet of the Apes,(1972),U,88 min,6.1,49        
"4,062.",Henry: Portrait of a Serial Killer,(1986),A,83 min,7,80        
"4,063.",Maximum Overdrive,(1986),A,98 min,5.4,24        
"4,064.",The Lion in Winter,(1968),U,134 min,7.9,
"4,065.",Housebound,(2014),107 min,107 min,6.7,76        
"4,066.",Lone Star,(1996),R,135 min,7.4,78        
"4,067.",Bound by Honor,(1993),R,180 min,7.9,47        
"4,068.",Paper Moon,(1973),U,102 min,8.1,77        
"4,069.",La montaña sagrada,(1973),Not Rated,114 min,7.8,76        
"4,070.",Pride and Prejudice and Zombies,(2016),PG-13,108 min,5.8,45        
"4,071.",Tequila Sunrise,(1988),A,115 min,6,62        
"4,072.",Love & Mercy,(2014),PG-13,121 min,7.4,80        
"4,073.",I Know Who Killed Me,(2007),A,106 min,3.6,16        
"4,074.",Loser,(2000),PG-13,98 min,5.3,35        
"4,075.",Blown Away,(1994),UA,121 min,6.2,
"4,076.",Pollock,(2000),R,122 min,7,77        
"4,077.",Cry Wolf,(2005),PG-13,90 min,5.8,39        
"4,078.",The Secret of My Succe$s,(1987),U,111 min,6.5,36        
"4,079.",Meng long guo jiang,(1972),U,99 min,7.2,58        
"4,080.",Curse of Chucky,(2013),A,97 min,5.6,58        
"4,081.",Unfinished Business,(I) (2015),R,91 min,5.4,32        
"4,082.",Imagine Me & You,(2005),R,90 min,6.7,49        
"4,083.",Dance of the Vampires,(1967),108 min,108 min,7,56        
"4,084.",...And Justice for All,(1979),119 min,119 min,7.4,58        
"4,085.",Raw Deal,(1986),A,106 min,5.6,44        
"4,086.",Out of the Past,(1947),97 min,97 min,8,85        
"4,087.",Mighty Joe Young,(1998),UA,114 min,5.7,51        
"4,088.",Vampire Hunter D: Bloodlust,(2000),U,103 min,7.6,62        
"4,089.",Mannequin,(1987),PG,90 min,6,21        
"4,090.",Love Story,(1970),U,100 min,6.9,84        
"4,091.",Killer Klowns from Outer Space,(1988),UA,88 min,6.2,43        
"4,092.",Sliver,(1993),A,107 min,5.1,38        
"4,093.",Angry Birds,(2016),UA,97 min,6.3,43        
"4,094.",Batman: The Movie,(1966),105 min,105 min,6.5,71        
"4,095.",Friday the 13th Part VIII: Jason Takes Manhattan,(1989),15+,100 min,4.5,14        
"4,096.",Halloween 5: The Revenge of Michael Myers,(1989),A,96 min,4.9,28        
"4,097.",Stretch,(2014),R,94 min,6.5,
"4,098.",Tau ming chong,(2007),R,126 min,7,70        
"4,099.",Would You Rather,(2012),93 min,93 min,5.7,20        
"4,100.",Memphis Belle,(1990),107 min,107 min,6.9,59        
"4,101.",Win a Date with Tad Hamilton!,(2004),PG-13,96 min,5.6,52        
"4,102.","Men, Women & Children",(2014),R,119 min,6.6,38        
"4,103.",12 Rounds,(2009),PG-13,108 min,5.6,38        
"4,104.",Alvin and the Chipmunks: Chipwrecked,(2011),U,87 min,4.4,24        
"4,105.",The Blob,(1988),A,95 min,6.6,
"4,106.",Firestarter,(1984),UA,114 min,6.1,50        
"4,107.",Carne trémula,(1997),R,103 min,7.3,69        
"4,108.",Obsessed,(2009),PG-13,108 min,5,25        
"4,109.",Take the Money and Run,(1969),PG,85 min,7.2,67        
"4,110.",Battle for the Planet of the Apes,(1973),U,93 min,5.4,40        
"4,111.",The Secret of Kells,(2009),71 min,71 min,7.5,81        
"4,112.",Nell,(1994),PG-13,112 min,6.5,60        
"4,113.",Money Talks,(1997),R,97 min,6.2,
"4,114.",The Oxford Murders,(2008),R,108 min,6.1,
"4,115.",The Howling,(1981),A,91 min,6.5,68        
"4,116.",Waiting for Guffman,(1996),R,84 min,7.4,72        
"4,117.",The One I Love,(2014),R,91 min,7,66        
"4,118.",Species II,(1998),A,93 min,4.5,19        
"4,119.",American Dreamz,(2006),PG-13,107 min,5.5,45        
"4,120.",The Way,(I) (2010),123 min,123 min,7.3,64        
"4,121.",Hard Ball,(2001),PG-13,106 min,6.4,48        
"4,122.",A Little Bit of Heaven,(2011),PG-13,107 min,6.2,14        
"4,123.",The Man Without a Face,(1993),UA,115 min,6.7,62        
"4,124.",Are We There Yet?,(2005),PG,95 min,4.8,27        
"4,125.",Raise Your Voice,(2004),U,107 min,5.8,33        
"4,126.",Frankie and Johnny,(1991),R,118 min,6.7,66        
"4,127.",Suicide Kings,(1997),R,106 min,6.9,43        
"4,128.",Beyond Borders,(2003),UA,127 min,6.4,32        
"4,129.",Singles,(1992),PG-13,99 min,6.7,71        
"4,130.",Hours,(2013),UA,97 min,6.3,55        
"4,131.",The Omega Man,(1971),A,98 min,6.4,56        
"4,132.",1492: Conquest of Paradise,(1992),PG-13,154 min,6.4,47        
"4,133.",King Kong,(1976),U,134 min,6,61        
"4,134.",Friday the 13th: A New Beginning,(1985),A,92 min,4.7,16        
"4,135.",Take This Waltz,(2011),R,116 min,6.5,68        
"4,136.",Stick It,(2006),PG-13,103 min,6.4,53        
"4,137.",Godsend,(2004),UA,102 min,4.8,24        
"4,138.",Gentlemen Prefer Blondes,(1953),91 min,91 min,7.1,
"4,139.",Tekken,(2010),R,91 min,4.8,
"4,140.",Riding in Cars with Boys,(2001),Not Rated,132 min,6.5,43        
"4,141.",A Mighty Wind,(2003),PG-13,91 min,7.2,81        
"4,142.",Phantasm,(1979),A,89 min,6.6,72        
"4,143.",Death Note: Desu nôto,(2006),126 min,126 min,7.5,
"4,144.",The Truth About Cats & Dogs,(1996),A,97 min,6.3,64        
"4,145.",Lord of the Flies,(1990),U,90 min,6.4,49        
"4,146.",Things to Do in Denver When You're Dead,(1995),R,115 min,6.7,45        
"4,147.",Above the Law,(1988),A,99 min,6,45        
"4,148.",Problem Child,(1990),U,81 min,5.4,27        
"4,149.",Sophie Scholl - Die letzten Tage,(2005),120 min,120 min,7.6,76        
"4,150.",The Warrior's Way,(2010),R,100 min,6.2,45        
"4,151.",The Sisterhood of the Traveling Pants 2,(2008),UA,119 min,6.2,63        
"4,152.",Look Who's Talking Now,(1993),UA,96 min,4.4,26        
"4,153.",Rollerball,(2002),UA,98 min,3.1,14        
"4,154.",The Second Best Exotic Marigold Hotel,(2015),PG,122 min,6.5,51        
"4,155.",The Greatest Game Ever Played,(2005),U,120 min,7.4,55        
"4,156.",A Guide to Recognizing Your Saints,(2006),R,100 min,6.9,67        
"4,157.",Dans la maison,(2012),R,105 min,7.3,72        
"4,158.","Mystery, Alaska",(1999),R,119 min,6.7,49        
"4,159.",Damien: Omen II,(1978),A,107 min,6.2,45        
"4,160.",Freeway,(1996),R,102 min,6.8,61        
"4,161.",SLC Punk!,(1998),R,97 min,7.4,50        
"4,162.",The Watcher,(I) (2000),R,97 min,5.3,22        
"4,163.",Anacondas: The Hunt for the Blood Orchid,(2004),U,97 min,4.7,40        
"4,164.",A Lonely Place to Die,(2011),R,99 min,6.2,
"4,165.",The Two Faces of January,(2014),PG-13,96 min,6.2,66        
"4,166.",An American Haunting,(2005),PG-13,83 min,5,38        
"4,167.",Angels in the Outfield,(1994),PG,102 min,6.2,44        
"4,168.",Main Hoon Na,(2004),UA,179 min,7,
"4,169.",Pontypool,(2008),93 min,93 min,6.5,54        
"4,170.",Always,(1989),U,122 min,6.4,50        
"4,171.",You Can Count on Me,(2000),Not Rated,111 min,7.5,85        
"4,172.",A Love Song for Bobby Long,(2004),R,119 min,7.1,48        
"4,173.",Mermaids,(1990),U,110 min,6.7,56        
"4,174.",Fitzcarraldo,(1982),158 min,158 min,8,
"4,175.",Casino Royale,(1967),A,131 min,5,48        
"4,176.",Miss Pettigrew Lives for a Day,(2008),A,92 min,7,63        
"4,177.","20,000 Leagues Under the Sea",(1954),127 min,127 min,7.2,83        
"4,178.",The Pink Panther Strikes Again,(1976),103 min,103 min,7.2,60        
"4,179.",The Magdalene Sisters,(2002),R,114 min,7.7,83        
"4,180.",No se aceptan devoluciones,(2013),PG-13,115 min,7.5,55        
"4,181.",Barbershop,(2002),PG-13,102 min,6.3,66        
"4,182.",Max Manus,(2008),118 min,118 min,7.3,60        
"4,183.",Upstream Color,(2013),96 min,96 min,6.5,81        
"4,184.",The Black Cauldron,(1985),U,80 min,6.3,59        
"4,185.",Get Carter,(1971),UA,112 min,7.3,80        
"4,186.",Who Am I - Kein System ist sicher,(2014),16,102 min,7.4,
"4,187.",Universal Soldier: Regeneration,(2009),A,97 min,5.3,70        
"4,188.",The Hunting Party,(2007),R,101 min,6.8,54        
"4,189.",Bulworth,(1998),R,108 min,6.8,75        
"4,190.",Major Payne,(1995),PG-13,95 min,6.3,34        
"4,191.",Virus,(1999),R,99 min,5,19        
"4,192.",Dragon: The Bruce Lee Story,(1993),A,120 min,7,69        
"4,193.",An American in Paris,(1951),U,114 min,7.2,83        
"4,194.",Vanishing on 7th Street,(2010),R,92 min,4.9,50        
"4,195.",Gettysburg,(1993),Not Rated,271 min,7.6,
"4,196.",The Man,(2005),PG-13,83 min,5.5,33        
"4,197.",The Changeling,(1980),UA,107 min,7.1,70        
"4,198.",Paan Singh Tomar,(2012),UA,135 min,8.2,
"4,199.",Peeping Tom,(1960),101 min,101 min,7.6,
"4,200.",An Affair to Remember,(1957),115 min,115 min,7.4,71        
"4,201.",Jeune et Jolie,(2013),A,95 min,6.7,63        
"4,202.",Drop Dead Fred,(1991),U,103 min,5.9,25        
"4,203.",Police Academy 6: City Under Siege,(1989),U,84 min,4.4,16        
"4,204.",Dead Again,(1991),UA,107 min,6.8,66        
"4,205.",Giù la testa,(1971),A,157 min,7.6,77        
"4,206.",See No Evil,(2006),R,84 min,5,17        
"4,207.",Dirty Dancing: Havana Nights,(2004),PG-13,86 min,5.9,39        
"4,208.",Los ojos de Julia,(2010),118 min,118 min,6.7,
"4,209.",Air America,(1990),UA,113 min,5.8,33        
"4,210.",Millions,(2004),U,98 min,6.8,74        
"4,211.","Yours, Mine & Ours",(2005),U,88 min,5.5,38        
"4,212.",Sherlock Jr.,(1924),45 min,45 min,8.2,
"4,213.",Take the Lead,(2006),PG-13,118 min,6.6,55        
"4,214.",Don't Tell Mom the Babysitter's Dead,(1991),102 min,102 min,6.3,35        
"4,215.",Village of the Damned,(1995),UA,98 min,5.6,41        
"4,216.",Frozen River,(2008),R,97 min,7.1,82        
"4,217.",Hard to Kill,(1990),A,96 min,5.8,41        
"4,218.",The Mosquito Coast,(1986),U,117 min,6.6,51        
"4,219.",Dilwale,(2015),UA,158 min,5.1,
"4,220.",Survivor,(I) (2015),UA,96 min,5.6,28        
"4,221.",The Hills Have Eyes,(1977),90 min,90 min,6.3,64        
"4,222.",Murder in the First,(1995),R,122 min,7.3,
"4,223.",Black Christmas,(1974),A,98 min,7.1,65        
"4,224.",Back to School,(1986),UA,96 min,6.7,68        
"4,225.",Tais-toi!,(2003),85 min,85 min,7.1,
"4,226.",Top Five,(2014),R,102 min,6.4,81        
"4,227.",Sleeping with Other People,(2015),R,101 min,6.5,64        
"4,228.",The Jane Austen Book Club,(2007),A,106 min,6.7,61        
"4,229.",Kundun,(1997),PG-13,134 min,7,74        
"4,230.",The Santa Clause 3: The Escape Clause,(2006),G,97 min,4.8,32        
"4,231.",Your Sister's Sister,(2011),R,90 min,6.7,72        
"4,232.",Hollywood Ending,(2002),PG-13,112 min,6.5,46        
"4,233.",Vanishing Point,(1971),U,99 min,7.2,61        
"4,234.",Ned Kelly,(2003),R,110 min,6.4,56        
"4,235.",Bio-Dome,(1996),PG-13,88 min,4.4,1        
"4,236.",What Maisie Knew,(2012),R,99 min,7.4,74        
"4,237.",Cleopatra,(1963),A,192 min,7,60        
"4,238.",Birthday Girl,(2001),UA,93 min,6,51        
"4,239.",D-War,(2007),PG-13,107 min,3.5,33        
"4,240.",The Resident,(2011),R,91 min,5.3,
"4,241.",Open Grave,(2013),Unrated,102 min,6.2,33        
"4,242.",Undisputed,(2002),UA,96 min,6.1,58        
"4,243.",Now and Then,(1995),PG-13,102 min,6.8,50        
"4,244.",Husbands and Wives,(1992),R,108 min,7.5,84        
"4,245.",Outland,(1981),UA,109 min,6.6,48        
"4,246.",The Good German,(2006),A,105 min,6,49        
"4,247.",Ruthless People,(1986),UA,93 min,6.9,78        
"4,248.",UHF,(1989),97 min,97 min,6.9,32        
"4,249.",Joyeux Noël,(2005),PG-13,116 min,7.7,70        
"4,250.",Crazy/Beautiful,(2001),UA,99 min,6.4,61        
"4,251.",Yip Man 3,(2015),UA,105 min,7,57        
"4,252.",Barnyard,(2006),PG,90 min,5.6,42        
"4,253.",How I Live Now,(2013),R,101 min,6.4,57        
"4,254.",My Name Is Bruce,(2007),R,84 min,6.1,36        
"4,255.",On Golden Pond,(1981),UA,109 min,7.6,68        
"4,256.",La Bamba,(1987),U,108 min,6.9,65        
"4,257.",Jeremiah Johnson,(1972),UA,108 min,7.6,75        
"4,258.",Rogue,(2007),R,99 min,6.2,
"4,259.",Zerkalo,(1975),107 min,107 min,8,82        
"4,260.",Bright Star,(2009),PG,119 min,6.9,81        
"4,261.",Arthur,(1981),U,97 min,6.9,69        
"4,262.",Miracle on 34th Street,(1994),U,114 min,6.6,
"4,263.",A Midsummer Night's Dream,(1999),PG-13,116 min,6.4,61        
"4,264.",Metro,(1997),R,117 min,5.6,41        
"4,265.",City by the Sea,(2002),A,108 min,6.1,50        
"4,266.",Nefes: Vatan Sagolsun,(2009),128 min,128 min,8,
"4,267.",Friday the 13th Part VII: The New Blood,(1988),88 min,88 min,5.2,13        
"4,268.",Fanaa,(2006),U,168 min,7.1,
"4,269.",The Homesman,(2014),R,122 min,6.6,68        
"4,270.",Absolutely Anything,(2015),UA,85 min,6,31        
"4,271.",Red River,(1948),133 min,133 min,7.8,96        
"4,272.",White Christmas,(1954),120 min,120 min,7.5,56        
"4,273.",The Necessary Death of Charlie Countryman,(2013),R,103 min,6.3,31        
"4,274.",Domestic Disturbance,(2001),Not Rated,89 min,5.6,29        
"4,275.",Broadcast News,(1987),A,133 min,7.3,84        
"4,276.",Over Her Dead Body,(2008),PG-13,95 min,5.3,30        
"4,277.",Howards End,(1992),U,142 min,7.4,88        
"4,278.",Waking Ned,(1998),PG,91 min,7.3,71        
"4,279.",Shopgirl,(2005),R,106 min,6.3,62        
"4,280.",My Life Without Me,(2003),R,106 min,7.4,57        
"4,281.",Mandela: Long Walk to Freedom,(2013),UA,141 min,7.1,60        
"4,282.",Serial Mom,(1994),A,95 min,6.8,64        
"4,283.",Dom Hemingway,(2013),R,93 min,6.1,55        
"4,284.",The Green Inferno,(2013),A,100 min,5.3,38        
"4,285.",Parental Guidance,(2012),PG,105 min,6,36        
"4,286.",Last Holiday,(2006),UA,112 min,6.6,52        
"4,287.",Ek Tha Tiger,(2012),UA,132 min,5.6,
"4,288.",View from the Top,(2003),PG-13,87 min,5.3,27        
"4,289.","To Wong Foo Thanks for Everything, Julie Newmar",(1995),U,109 min,6.7,60        
"4,290.",Pump Up the Volume,(1990),UA,102 min,7.2,77        
"4,291.",Le gamin au vélo,(2011),PG-13,87 min,7.4,87        
"4,292.",Profondo rosso,(1975),127 min,127 min,7.5,89        
"4,293.",Cutthroat Island,(1995),U,124 min,5.7,37        
"4,294.",Bugsy,(1991),R,136 min,6.8,80        
"4,295.",My Stepmother Is an Alien,(1988),U,105 min,5.4,47        
"4,296.",Barney's Version,(2010),R,134 min,7.3,67        
"4,297.",Hana-bi,(1997),103 min,103 min,7.7,83        
"4,298.",To the Wonder,(2012),R,112 min,5.8,58        
"4,299.",Somewhere in Time,(1980),Not Rated,103 min,7.2,29        
"4,300.",Heaven Is for Real,(2014),UA,99 min,5.8,47        
"4,301.",L'arnacoeur,(2010),A,105 min,6.7,59        
"4,302.",The Getaway,(1972),A,123 min,7.3,55        
"4,303.",Pawn Sacrifice,(2014),UA,115 min,7,65        
"4,304.",To Live and Die in L.A.,(1985),116 min,116 min,7.3,81        
"4,305.",Fast Food Nation,(2006),R,116 min,6.3,64        
"4,306.",English Vinglish,(2012),U,134 min,7.8,
"4,307.",Runaway Train,(1985),111 min,111 min,7.2,67        
"4,308.",The Ice Harvest,(2005),R,92 min,6.2,62        
"4,309.",Before Night Falls,(2000),R,133 min,7.1,85        
"4,310.",Smart People,(2008),R,95 min,6.1,57        
"4,311.",The Grifters,(1990),A,110 min,6.9,86        
"4,312.",Good Burger,(1997),PG,95 min,5.8,41        
"4,313.",Victory,(1981),116 min,116 min,6.6,57        
"4,314.",Da hong denglong gaogao gua,(1991),125 min,125 min,8.1,
"4,315.",Secretariat,(2010),PG,123 min,7.2,61        
"4,316.",Shark Night 3D,(2011),A,90 min,4.1,22        
"4,317.",Halloween: The Curse of Michael Myers,(1995),A,87 min,4.7,10        
"4,318.",The Ladykillers,(1955),91 min,91 min,7.6,91        
"4,319.",Inherit the Wind,(1960),128 min,128 min,8.1,75        
"4,320.",All the King's Men,(2006),PG-13,128 min,6.1,37        
"4,321.",Amazing Grace,(2006),PG,118 min,7.4,65        
"4,322.",Buffalo Soldiers,(2001),R,98 min,6.7,56        
"4,323.",White Bird in a Blizzard,(2014),R,91 min,6.4,51        
"4,324.",The Disappearance of Alice Creed,(2009),R,100 min,6.7,65        
"4,325.","Ich seh, Ich seh",(2014),A,99 min,6.7,81        
"4,326.",FernGully: The Last Rainforest,(1992),U,76 min,6.5,67        
"4,327.",Barb Wire,(1996),UA,98 min,3.5,40        
"4,328.",The Indian in the Cupboard,(1995),U,96 min,6,58        
"4,329.",Danny Collins,(2015),R,106 min,7,58        
"4,330.",The China Syndrome,(1979),U,122 min,7.4,81        
"4,331.",The Thin Man,(1934),91 min,91 min,7.9,86        
"4,332.",DuckTales the Movie: Treasure of the Lost Lamp,(1990),74 min,74 min,6.8,
"4,333.",Fire with Fire,(II) (2012),UA,97 min,5.6,
"4,334.",The Boys from Brazil,(1978),125 min,125 min,7,40        
"4,335.",Alice Through the Looking Glass,(2016),U,113 min,6.2,34        
"4,336.",The World According to Garp,(1982),136 min,136 min,7.1,63        
"4,337.",White Heat,(1949),114 min,114 min,8.1,89        
"4,338.",Mask,(1985),UA,120 min,7.2,73        
"4,339.",Silent Running,(1972),U,89 min,6.6,67        
"4,340.",Captivity,(2007),R,96 min,4.6,24        
"4,341.",Escape from Planet Earth,(2012),PG,89 min,5.8,35        
"4,342.",We Are Your Friends,(2015),R,96 min,6.2,46        
"4,343.",The Immigrant,(2013),R,120 min,6.6,77        
"4,344.",Celebrity,(1998),R,113 min,6.3,42        
"4,345.",In Your Eyes,(2014),106 min,106 min,6.9,
"4,346.",The 33,(2015),UA,127 min,6.9,55        
"4,347.",Regression,(I) (2015),R,106 min,5.6,32        
"4,348.",Astérix aux jeux olympiques,(2008),116 min,116 min,5.2,
"4,349.",The Invisible Man,(1933),71 min,71 min,7.6,87        
"4,350.",Sightseers,(2012),88 min,88 min,6.5,69        
"4,351.",Georgia Rule,(2007),R,113 min,5.9,25        
"4,352.",Pek Yakinda,(2014),134 min,134 min,7.3,
"4,353.",Vizontele,(2001),110 min,110 min,8,
"4,354.",Cross of Iron,(1977),A,132 min,7.4,64        
"4,355.",Valentine,(2001),A,96 min,4.9,18        
"4,356.",Major League II,(1994),PG,105 min,5.6,
"4,357.",Knockin' on Heaven's Door,(1997),87 min,87 min,7.8,
"4,358.",Heaven,(I) (2002),R,97 min,6.9,68        
"4,359.",He Was a Quiet Man,(2007),100 min,100 min,6.7,53        
"4,360.",The Contender,(2000),R,126 min,6.9,59        
"4,361.",The Forest,(I) (2016),UA,93 min,4.8,34        
"4,362.",Wait Until Dark,(1967),A,108 min,7.7,81        
"4,363.",La règle du jeu,(1939),110 min,110 min,7.9,99        
"4,364.",Speak,(2004),PG-13,89 min,7.2,
"4,365.",Repo! The Genetic Opera,(2008),R,98 min,6.4,32        
"4,366.",Strictly Ballroom,(1992),PG,94 min,7.2,72        
"4,367.",Point of No Return,(1993),R,109 min,6.1,53        
"4,368.",Peaceful Warrior,(2006),PG-13,120 min,7.2,40        
"4,369.",Saul fia,(2015),R,107 min,7.4,91        
"4,370.",Lifeboat,(1944),97 min,97 min,7.6,78        
"4,371.",The Contract,(2006),R,96 min,5.6,
"4,372.",Cape Fear,(1962),A,106 min,7.7,76        
"4,373.",Dabangg,(2010),UA,126 min,6.2,
"4,374.",The Lords of Salem,(2012),R,101 min,5.2,57        
"4,375.",Sanjuro,(1962),U,96 min,8,
"4,376.",Vera Drake,(2004),R,125 min,7.6,83        
"4,377.",Suffragette,(2015),PG-13,106 min,6.9,64        
"4,378.",The Adventures of Pluto Nash,(2002),PG-13,95 min,3.9,12        
"4,379.",Mirrormask,(2005),PG,101 min,6.7,55        
"4,380.",Mandariinid,(2013),87 min,87 min,8.1,73        
"4,381.",Frontière(s),(2007),A,108 min,6.2,44        
"4,382.",The Adventures of Sharkboy and Lavagirl 3-D,(2005),U,93 min,3.7,38        
"4,383.",Hellraiser III: Hell on Earth,(1992),A,97 min,5.5,50        
"4,384.",Cop Car,(2015),R,88 min,6.3,66        
"4,385.",Gilda,(1946),110 min,110 min,7.6,
"4,386.",Raanjhanaa,(2013),UA,140 min,7.6,
"4,387.",Stealing Beauty,(1996),R,118 min,6.5,60        
"4,388.",Snow Dogs,(2002),U,99 min,5.2,29        
"4,389.",Autumn in New York,(2000),UA,103 min,5.6,24        
"4,390.",Aashiqui 2,(2013),U,132 min,7.1,
"4,391.",Alex Rider: Operation Stormbreaker,(2006),U,93 min,5.1,42        
"4,392.",The Rookie,(1990),UA,120 min,5.9,41        
"4,393.",The Quiet Earth,(1985),UA,91 min,6.7,
"4,394.",Screamers,(1995),U,108 min,6.3,
"4,395.",Third Person,(2013),R,137 min,6.3,38        
"4,396.",Boomerang,(1992),A,117 min,5.6,45        
"4,397.",Marvin's Room,(1996),U,98 min,6.7,67        
"4,398.",The Perfect Host,(2010),R,93 min,6.7,48        
"4,399.",Big Game,(2014),U,90 min,5.4,53        
"4,400.",Postal,(2007),R,100 min,4.5,22        
"4,401.",The Caine Mutiny,(1954),U,124 min,7.7,63        
"4,402.",Nine to Five,(1980),109 min,109 min,6.9,58        
"4,403.",The Red Shoes,(1948),135 min,135 min,8.1,
"4,404.",Dev.D,(2009),A,144 min,7.9,
"4,405.",Zombi 2,(1979),A,91 min,6.8,54        
"4,406.",Day of the Woman,(1978),A,101 min,5.6,19        
"4,407.",Body Double,(1984),A,114 min,6.8,69        
"4,408.","War, Inc.",(2008),R,107 min,5.5,37        
"4,409.",Dirty Work,(1998),PG-13,82 min,6.4,24        
"4,410.",Running with Scissors,(2006),R,116 min,6.1,52        
"4,411.",Some Kind of Wonderful,(1987),Not Rated,95 min,7,55        
"4,412.",Impostor,(2001),PG-13,95 min,6.1,33        
"4,413.",But I'm a Cheerleader,(1999),R,85 min,6.8,39        
"4,414.",Welcome to the Rileys,(2010),R,110 min,6.9,50        
"4,415.",Breaking and Entering,(2006),A,120 min,6.5,56        
"4,416.",Thanks for Sharing,(2012),R,112 min,6.4,54        
"4,417.",Rare Exports,(2010),R,84 min,6.6,71        
"4,418.",Viskningar och rop,(1972),A,91 min,8,
"4,419.",Taxi 4,(2007),91 min,91 min,5.6,
"4,420.",The Shop Around the Corner,(1940),99 min,99 min,8,96        
"4,421.",The United States of Leland,(2003),R,108 min,7,37        
"4,422.",I.Q.,(1994),U,100 min,6.2,66        
"4,423.",The Bay,(II) (2012),R,85 min,5.7,65        
"4,424.",Black Christmas,(2006),R,95 min,4.7,22        
"4,425.",Sweet Smell of Success,(1957),U,96 min,8,100        
"4,426.",Death Race 2000,(1975),80 min,80 min,6.2,58        
"4,427.",The Taking of Pelham One Two Three,(1974),U,104 min,7.6,68        
"4,428.",Addicted to Love,(1997),UA,100 min,6.1,49        
"4,429.",King of California,(2007),PG-13,93 min,6.6,63        
"4,430.",Secret in Their Eyes,(2015),PG-13,111 min,6.3,45        
"4,431.",Kontroll,(2003),R,111 min,7.6,72        
"4,432.",A.R.O.G,(2008),127 min,127 min,7.3,
"4,433.",Street Fighter: The Legend of Chun-Li,(2009),PG-13,96 min,3.7,17        
"4,434.",Man of the House,(I) (2005),PG-13,100 min,5.4,35        
"4,435.",Firefox,(1982),U,136 min,5.9,44        
"4,436.",Le mépris,(1963),103 min,103 min,7.5,
"4,437.",Belle,(2013),PG,100 min,7.3,64        
"4,438.",Thinner,(1996),A,93 min,5.8,33        
"4,439.",Cronos,(1992),R,94 min,6.7,70        
"4,440.",Knockaround Guys,(2001),R,92 min,6.1,30        
"4,441.","Angus, Thongs and Perfect Snogging",(2008),U,100 min,6.3,
"4,442.",Weekend,(II) (2011),97 min,97 min,7.6,81        
"4,443.",Yat goh ho yan,(1997),UA,101 min,6.2,
"4,444.",Kazaam,(1996),PG,93 min,3.1,24        
"4,445.",Jean de Florette,(1986),U,120 min,8.1,
"4,446.",Friends with Money,(2006),R,88 min,5.8,68        
"4,447.",Fly Away Home,(1996),U,107 min,6.9,77        
"4,448.",Bloody Sunday,(2002),R,111 min,7.6,90        
"4,449.",Rampart,(2011),R,108 min,5.8,70        
"4,450.",Someone Like You...,(2001),A,97 min,6,32        
"4,451.",The Perfect Score,(2004),PG-13,93 min,5.7,35        
"4,452.",D-Tox,(2002),R,96 min,5.3,
"4,453.",Ice Princess,(2005),U,98 min,6,55        
"4,454.",The Astronaut Farmer,(2006),PG,104 min,6.3,55        
"4,455.",Igor,(2008),PG,87 min,5.9,40        
"4,456.",Angel Eyes,(2001),R,102 min,5.7,39        
"4,457.",Crocodile Dundee in Los Angeles,(2001),UA,95 min,4.8,37        
"4,458.",El ángel exterminador,(1962),95 min,95 min,8,
"4,459.",Jesus Christ Superstar,(1973),106 min,106 min,7.3,64        
"4,460.",A Prairie Home Companion,(2006),PG-13,105 min,6.7,75        
"4,461.",Palo Alto,(2013),R,100 min,6.2,69        
"4,462.",Dead End,(I) (2003),R,85 min,6.5,
"4,463.","Big Mommas: Like Father, Like Son",(2011),U,107 min,4.4,22        
"4,464.",The Brave Little Toaster,(1987),U,90 min,7.2,
"4,465.",Let's Go to Prison,(2006),R,84 min,5.9,27        
"4,466.",Albert Nobbs,(2011),R,113 min,6.7,57        
"4,467.",Death on the Nile,(1978),U,140 min,7.2,59        
"4,468.",Trapped,(I) (2002),R,106 min,6.1,42        
"4,469.",Crossing Over,(2009),R,113 min,6.7,38        
"4,470.",The Return of the Pink Panther,(1975),113 min,113 min,7,61        
"4,471.",Getaway,(I) (2013),PG-13,90 min,4.4,22        
"4,472.","Play It Again, Sam",(1972),85 min,85 min,7.6,77        
"4,473.",Return to Oz,(1985),U,113 min,6.7,42        
"4,474.",Hiroshima mon amour,(1959),90 min,90 min,7.8,
"4,475.",A Shot in the Dark,(1964),PG,102 min,7.4,70        
"4,476.",Calendar Girls,(2003),PG-13,108 min,6.9,60        
"4,477.",Just Cause,(1995),R,102 min,6.4,48        
"4,478.",The Monster Squad,(1987),82 min,82 min,6.9,61        
"4,479.",Scarface,(1932),93 min,93 min,7.7,90        
"4,480.",Paradise Now,(2005),PG-13,91 min,7.4,71        
"4,481.",Stomp the Yard,(2007),PG-13,115 min,5.4,44        
"4,482.",Flawless,(2007),PG-13,108 min,6.7,57        
"4,483.",Little Giants,(1994),PG,107 min,6.4,
"4,484.",The Nut Job,(I) (2014),U,85 min,5.7,37        
"4,485.",Baby Geniuses,(1999),U,97 min,2.6,7        
"4,486.",The Dressmaker,(I) (2015),R,119 min,7,47        
"4,487.",The Good Lie,(2014),PG-13,110 min,7.4,65        
"4,488.",Ging chaat goo si,(1985),UA,100 min,7.5,78        
"4,489.",The Man with Two Brains,(1983),UA,93 min,6.4,61        
"4,490.",The Pact,(II) (2012),R,89 min,5.7,54        
"4,491.",Starship Troopers 3: Marauder,(2008 Video),R,105 min,4.3,
"4,492.",Fierce Creatures,(1997),A,93 min,6.4,62        
"4,493.",Av Mevsimi,(2010),140 min,140 min,7.4,
"4,494.",Elegy,(I) (2008),R,112 min,6.7,66        
"4,495.",Glitter,(2001),PG-13,104 min,2.4,14        
"4,496.","Shin seiki Evangelion Gekijô-ban: Air/Magokoro wo, kimi ni",(1997),Not Rated,87 min,8.1,
"4,497.",The Secret Life of Bees,(2008),PG-13,114 min,7.2,57        
"4,498.",The Woman in Black 2: Angel of Death,(2014),PG-13,98 min,4.8,42        
"4,499.",Fading Gigolo,(2013),R,90 min,6.2,58        
"4,500.",Life or Something Like It,(2002),UA,103 min,5.8,31        
"4,501.",Monsoon Wedding,(2001),A,114 min,7.3,77        
"4,502.",Pierrot le fou,(1965),110 min,110 min,7.4,
"4,503.",The Great Gatsby,(1974),U,144 min,6.4,43        
"4,504.",London,(I) (2005),R,92 min,6.4,24        
"4,505.",Sniper,(1993),R,98 min,6.1,45        
"4,506.",Doragon Bôru Zetto Kami to Kami,(2013),U,85 min,7.1,
"4,507.",Jason Goes to Hell: The Final Friday,(1993),A,87 min,4.1,17        
"4,508.",Grumpier Old Men,(1995),UA,101 min,6.6,46        
"4,509.",Friday After Next,(2002),R,85 min,5.8,35        
"4,510.",An American Werewolf in Paris,(1997),A,98 min,5.1,31        
"4,511.",The Toxic Avenger,(1984),A,82 min,6.2,42        
"4,512.",The Ref,(1994),R,97 min,6.9,59        
"4,513.",All That Jazz,(1979),A,123 min,7.8,72        
"4,514.",The Texas Chainsaw Massacre 2,(1986),A,101 min,5.6,42        
"4,515.",Beethoven's 2nd,(1993),U,89 min,4.9,
"4,516.",Tôkyô goddofâzâzu,(2003),UA,92 min,7.8,75        
"4,517.",The Lady from Shanghai,(1947),87 min,87 min,7.5,
"4,518.",Nanny McPhee and the Big Bang,(2010),U,109 min,6.1,52        
"4,519.",Puncture,(2011),R,100 min,6.8,54        
"4,520.",Human Traffic,(1999),R,99 min,7.1,53        
"4,521.",Poltergeist II: The Other Side,(1986),UA,91 min,5.7,49        
"4,522.",Material Girls,(2006),U,98 min,3.9,17        
"4,523.",Ace in the Hole,(1951),111 min,111 min,8.1,72        
"4,524.",Chi bi: Jue zhan tian xia,(2009),142 min,142 min,7.5,
"4,525.",The King and I,(1956),U,133 min,7.4,72        
"4,526.",The Relic,(1997),A,110 min,5.8,55        
"4,527.",Swimming with Sharks,(1994),A,93 min,7,66        
"4,528.",The Innocents,(1961),A,100 min,7.8,88        
"4,529.",Get Low,(2009),PG-13,103 min,7,77        
"4,530.",The Hole,(2009),U,92 min,5.7,57        
"4,531.",Van Wilder 2: The Rise of Taj,(2006),A,97 min,4.8,21        
"4,532.",The Invitation,(I) (2015),18,100 min,6.6,74        
"4,533.",Selena,(1997),UA,127 min,6.8,67        
"4,534.",Love in the Time of Cholera,(2007),R,139 min,6.4,43        
"4,535.",Dil Se..,(1998),A,144 min,7.5,
"4,536.",Play Misty for Me,(1971),A,102 min,6.9,78        
"4,537.",Colors,(1988),U,120 min,6.7,66        
"4,538.",Hokkabaz,(2006),122 min,122 min,7.4,
"4,539.",Down to Earth,(2001),PG-13,87 min,5.4,32        
"4,540.",Hamburger Hill,(1987),110 min,110 min,6.7,64        
"4,541.",Kai po che!,(2013),U,130 min,7.8,40        
"4,542.",The Blue Elephant,(2014),170 min,170 min,8,
"4,543.",The Last Unicorn,(1982),U,92 min,7.3,70        
"4,544.",San ging chaat goo si,(2004),R,123 min,6.9,
"4,545.",Mighty Morphin Power Rangers: The Movie,(1995),U,95 min,5.3,40        
"4,546.",D3: The Mighty Ducks,(1996),U,104 min,5.5,
"4,547.",Yellow Submarine,(1968),88 min,88 min,7.4,79        
"4,548.",The Upside of Anger,(2005),R,118 min,6.8,63        
"4,549.",In Cold Blood,(1967),134 min,134 min,7.9,89        
"4,550.",Junebug,(2005),R,106 min,6.9,80        
"4,551.",The Accidental Husband,(2008),PG-13,90 min,5.5,14        
"4,552.",To Be or Not to Be,(1942),99 min,99 min,8.1,86        
"4,553.",The Importance of Being Earnest,(2002),PG,97 min,6.8,60        
"4,554.",Hope Floats,(1998),UA,114 min,6,43        
"4,555.",Gorillas in the Mist: The Story of Dian Fossey,(1988),U,129 min,7,
"4,556.",Dear Frankie,(2004),PG-13,105 min,7.7,63        
"4,557.",Tracks,(I) (2013),PG-13,112 min,7.1,78        
"4,558.",Kokuriko-zaka kara,(2011),PG,91 min,7.4,71        
"4,559.",Away from Her,(2006),PG-13,110 min,7.5,88        
"4,560.",La Belle et la Bête,(1946),96 min,96 min,7.9,92        
"4,561.",Jungfrukällan,(1960),A,89 min,8,
"4,562.",Josie and the Pussycats,(2001),PG-13,98 min,5.6,47        
"4,563.",Funny Face,(1957),U,103 min,7,75        
"4,564.",Last Days,(2005),R,97 min,5.7,67        
"4,565.",Color of Night,(1994),R,121 min,5.2,36        
"4,566.",Stakeout,(1987),A,117 min,6.7,69        
"4,567.",Gojira,(1954),U,96 min,7.5,79        
"4,568.",The Wild,(2006),G,95 min,5.2,47        
"4,569.",Kod Adi K.O.Z.,(2015),114 min,114 min,1.7,
"4,570.",The Captive,(I) (2014),R,112 min,5.9,36        
"4,571.",Django,(1966),A,91 min,7.2,75        
"4,572.",Wonderland,(2003),R,104 min,6.5,43        
"4,573.",Son of a Gun,(2014),R,108 min,6.4,49        
"4,574.",Max,(I) (2015),PG,111 min,6.6,47        
"4,575.",The Final Girls,(2015),18,91 min,6.5,59        
"4,576.",Seppuku,(1962),133 min,133 min,8.6,85        
"4,577.",Thumbsucker,(2005),R,96 min,6.5,69        
"4,578.",Laws of Attraction,(2004),PG-13,90 min,5.8,38        
"4,579.",Heavyweights,(1995),PG,97 min,6.6,42        
"4,580.",The Last Mimzy,(2007),U,90 min,6.2,59        
"4,581.",The Art of the Steal,(2013),R,90 min,6.3,53        
"4,582.",The Thing from Another World,(1951),A,87 min,7.1,
"4,583.",The Shadow,(1994),U,108 min,6,50        
"4,584.",The Spanish Prisoner,(1997),PG,110 min,7.2,71        
"4,585.",Immortal Beloved,(1994),R,121 min,7.4,
"4,586.",Reservation Road,(2007),R,102 min,6.6,46        
"4,587.",Brokedown Palace,(1999),PG-13,100 min,6.4,44        
"4,588.",Diary of a Wimpy Kid: Rodrick Rules,(2011),PG,100 min,6.6,51        
"4,589.",The Wrong Man,(1956),U,105 min,7.4,83        
"4,590.",Jawbreaker,(1999),UA,86 min,5.7,24        
"4,591.",The Quest,(1996),PG-13,95 min,5.6,
"4,592.",Gongdong gyeongbi guyeok JSA,(2000),110 min,110 min,7.7,58        
"4,593.",Little Manhattan,(2005),U,84 min,7.4,52        
"4,594.",Catch and Release,(II) (2006),PG-13,124 min,5.9,43        
"4,595.",La cara oculta,(2011),R,97 min,7.3,
"4,596.",Gambit,(I) (2012),UA,89 min,5.7,
"4,597.",Du rififi chez les hommes,(1955),118 min,118 min,8.1,97        
"4,598.",Tang shan da xiong,(1971),A,100 min,6.9,
"4,599.",Manderlay,(2005),139 min,139 min,7.2,46        
"4,600.",In the Cut,(2003),R,119 min,5.4,47        
"4,601.",Torn Curtain,(1966),U,128 min,6.6,55        
"4,602.",ATM,(I) (2012),R,90 min,4.7,34        
"4,603.",Green Card,(1990),U,107 min,6.3,58        
"4,604.",Broadway Danny Rose,(1984),84 min,84 min,7.4,82        
"4,605.",Prizzi's Honor,(1985),A,130 min,6.7,84        
"4,606.",Redbelt,(2008),R,99 min,6.7,69        
"4,607.",I Spit on Your Grave 2,(2013),R,106 min,5.7,
"4,608.",Strange Wilderness,(2008),R,87 min,5.2,12        
"4,609.",Silent House,(2011),R,86 min,5.2,49        
"4,610.",Jing wu men,(1972),UA,106 min,7.2,68        
"4,611.",Killshot,(2008),R,95 min,6,
"4,612.",The Little Death,(2014),96 min,96 min,7,46        
"4,613.",Brother,(I) (2000),R,114 min,7.1,47        
"4,614.",Dear White People,(2014),R,108 min,6.2,79        
"4,615.",Fack ju Göhte,(2013),119 min,119 min,6.9,
"4,616.",Horsemen,(2009),R,90 min,5.5,
"4,617.",Ôkami kodomo no Ame to Yuki,(2012),U,117 min,8.1,71        
"4,618.",Ink,(I) (2009),107 min,107 min,6.8,
"4,619.",The Black Hole,(1979),U,98 min,5.9,52        
"4,620.",Beautiful Thing,(1996),R,90 min,7.6,
"4,621.",100 Girls,(2000),A,94 min,5.8,
"4,622.",10 Years,(2011),PG-13,110 min,6.1,61        
"4,623.",Les amours imaginaires,(2010),Not Rated,101 min,7,70        
"4,624.",Resurrecting the Champ,(2007),PG-13,112 min,6.7,55        
"4,625.",The Million Dollar Hotel,(2000),R,122 min,5.7,25        
"4,626.",Jodhaa Akbar,(2008),UA,213 min,7.5,69        
"4,627.",Chalet Girl,(2011),R,97 min,6.3,42        
"4,628.",The Vanishing,(1993),UA,109 min,6.3,49        
"4,629.",Doghouse,(2009),89 min,89 min,6,
"4,630.",Wrongfully Accused,(1998),PG-13,87 min,6,
"4,631.",Ivanovo detstvo,(1962),A,95 min,8,
"4,632.",Mystery Train,(1989),110 min,110 min,7.5,80        
"4,633.",The Story of Us,(1999),UA,95 min,6,37        
"4,634.",X+Y,(2014),PG-13,111 min,7.1,65        
"4,635.",Legionnaire,(1998),R,99 min,5.5,
"4,636.",Simon Birch,(1998),U,114 min,6.8,39        
"4,637.",The Next Karate Kid,(1994),U,107 min,4.5,36        
"4,638.",Les petits mouchoirs,(2010),154 min,154 min,7.1,50        
"4,639.",The Signal,(2007),R,103 min,6,63        
"4,640.",Factory Girl,(2006),R,100 min,6.4,45        
"4,641.",The Girl Next Door,(2007),R,91 min,6.5,29        
"4,642.",Short Circuit 2,(1988),U,110 min,5.7,
"4,643.",Enthiran,(2010),U,155 min,7.1,
"4,644.",Lucky You,(2007),PG-13,124 min,5.9,49        
"4,645.",Cold Creek Manor,(2003),R,118 min,5,37        
"4,646.",Miss March,(2009),R,90 min,5,7        
"4,647.",Bajirao Mastani,(2015),U,158 min,7.2,
"4,648.",State and Main,(2000),R,105 min,6.7,75        
"4,649.",Jing wu ying xiong,(1994),U,103 min,7.5,
"4,650.",Kaguya-hime no monogatari,(2013),U,137 min,8,89        
"4,651.",Soul Plane,(2004),R,86 min,4.5,33        
"4,652.",The Master of Disguise,(2002),U,80 min,3.3,12        
"4,653.",The Opposite of Sex,(1998),R,105 min,6.4,69        
"4,654.",El Topo,(1970),A,125 min,7.2,65        
"4,655.",The Long Goodbye,(1973),A,112 min,7.5,87        
"4,656.",Malice,(1993),A,107 min,6.5,52        
"4,657.",Stir Crazy,(1980),U,111 min,6.7,56        
"4,658.",Mystic Pizza,(1988),104 min,104 min,6.3,59        
"4,659.",St. Trinian's,(2007),PG-13,101 min,5.8,39        
"4,660.",A Good Old Fashioned Orgy,(2011),R,95 min,6.1,44        
"4,661.",The Great Raid,(2005),R,132 min,6.6,48        
"4,662.",Tengoku to jigoku,(1963),143 min,143 min,8.4,90        
"4,663.",Ssa-i-bo-geu-ji-man-gwen-chan-a,(2006),UA,107 min,6.9,
"4,664.",Under Suspicion,(2000),R,110 min,6.4,43        
"4,665.",Yume,(1990),119 min,119 min,7.7,
"4,666.",Vidocq,(2001),R,98 min,6.4,
"4,667.",Men at Work,(1990),98 min,98 min,5.9,34        
"4,668.",Immortel (ad vitam),(2004),R,103 min,5.9,
"4,669.",Whiskey Tango Foxtrot,(2016),R,112 min,6.6,57        
"4,670.",Tokarev,(2014),98 min,98 min,5,28        
"4,671.",Jungle 2 Jungle,(1997),Not Rated,105 min,5.2,42        
"4,672.",Eight Crazy Nights,(2002),U,76 min,5.3,23        
"4,673.",Code 46,(2003),R,93 min,6.1,57        
"4,674.",Private Benjamin,(1980),A,109 min,6.2,59        
"4,675.",The Angels' Share,(2012),101 min,101 min,7,66        
"4,676.",Beaches,(1988),UA,123 min,7,46        
"4,677.",El cuerpo,(2012),112 min,112 min,7.6,
"4,678.",Tasogare Seibei,(2002),129 min,129 min,8.1,82        
"4,679.",Setup,(I) (2011),R,85 min,4.4,
"4,680.",The Circus,(1928),72 min,72 min,8.1,90        
"4,681.",Mohabbatein,(2000),U,216 min,7,
"4,682.",Pieces of April,(2003),PG-13,80 min,7,70        
"4,683.",Arn: Tempelriddaren,(2007),139 min,139 min,6.6,
"4,684.",Last Chance Harvey,(2008),PG-13,93 min,6.6,57        
"4,685.",Free Birds,(2013),U,91 min,5.8,38        
"4,686.",45 Years,(2015),R,95 min,7.1,94        
"4,687.",Dom za vesanje,(1988),142 min,142 min,8.1,
"4,688.",Rookie of the Year,(1993),PG,103 min,6.1,53        
"4,689.",Tuck Everlasting,(2002),U,90 min,6.6,66        
"4,690.",Organize Isler,(2005),106 min,106 min,7.4,
"4,691.",Around the World in Eighty Days,(1956),U,167 min,6.7,69        
"4,692.",School Ties,(1992),PG-13,106 min,6.9,65        
"4,693.",On Deadly Ground,(1994),UA,101 min,4.6,33        
"4,694.",The Bounty,(1984),U,132 min,7,62        
"4,695.",Sullivan's Travels,(1941),90 min,90 min,7.9,
"4,696.",Nights in Rodanthe,(2008),UA,97 min,6,39        
"4,697.",Annapolis,(2006),PG-13,108 min,5.8,37        
"4,698.",Cyrano de Bergerac,(1990),137 min,137 min,7.5,79        
"4,699.",The Neverending Story II: The Next Chapter,(1990),U,90 min,5.1,30        
"4,700.",Waiting for Forever,(2010),PG-13,95 min,5.9,26        
"4,701.",Dolphin Tale,(2011),U,113 min,6.8,64        
"4,702.",L'avventura,(1960),U,144 min,7.7,
"4,703.",Love,(II) (2015),A,135 min,6.1,51        
"4,704.",J'ai tué ma mère,(2009),96 min,96 min,7.4,77        
"4,705.",Mr. Turner,(2014),R,150 min,6.8,94        
"4,706.",The Brood,(1979),Not Rated,92 min,6.8,63        
"4,707.",Below,(2002),R,105 min,6.1,55        
"4,708.",Wake Up Sid,(2009),U,138 min,7.6,
"4,709.",White Squall,(1996),U,129 min,6.6,53        
"4,710.",Mr. Right,(I) (2015),R,95 min,6.3,52        
"4,711.",The Adventures of Buckaroo Banzai Across the 8th Dimension,(1984),103 min,103 min,6.2,70        
"4,712.",Rundskop,(2011),R,129 min,7.3,68        
"4,713.",Átame!,(1989),15+,101 min,7,55        
"4,714.",Beverly Hills Chihuahua,(2008),PG,91 min,3.9,41        
"4,715.",Sgt. Bilko,(1996),UA,93 min,5.8,47        
"4,716.",Vivre sa vie: Film en douze tableaux,(1962),80 min,80 min,7.8,
"4,717.",Z,(1969),M/PG,127 min,8.2,86        
"4,718.","The Goods: Live Hard, Sell Hard",(2009),R,89 min,5.7,39        
"4,719.",The Exorcist III,(1990),A,110 min,6.5,48        
"4,720.",You Can't Take It with You,(1938),126 min,126 min,7.8,
"4,721.",9 Songs,(2004),15+,71 min,4.7,43        
"4,722.",One Eight Seven,(1997),R,119 min,6.6,41        
"4,723.",The History Boys,(2006),R,109 min,6.8,74        
"4,724.",Young People Fucking,(2007),Not Rated,87 min,6.2,39        
"4,725.",Il conformista,(1970),UA,113 min,7.9,100        
"4,726.",Stop-Loss,(2008),R,112 min,6.4,61        
"4,727.",The End of the Affair,(1999),U,102 min,7,65        
"4,728.",Dersu Uzala,(1975),U,142 min,8.2,
"4,729.",Die Blechtrommel,(1979),142 min,142 min,7.5,63        
"4,730.",The Fabulous Baker Boys,(1989),114 min,114 min,6.9,85        
"4,731.",Saints and Soldiers,(2003),PG-13,90 min,6.7,56        
"4,732.",New York Minute,(I) (2004),PG,91 min,4.9,33        
"4,733.",Il y a longtemps que je t'aime,(2008),PG-13,117 min,7.6,79        
"4,734.",Hamlet,(1990),U,135 min,6.7,53        
"4,735.",Wind Chill,(2007),R,91 min,5.8,52        
"4,736.",The Bonfire of the Vanities,(1990),UA,125 min,5.6,27        
"4,737.",Bill,(2007),R,93 min,6.2,30        
"4,738.",The Asphalt Jungle,(1950),112 min,112 min,7.8,85        
"4,739.",Ba wang bie ji,(1992),R,171 min,8.1,84        
"4,740.",Hero,(I) (1992),PG-13,119 min,6.5,61        
"4,741.",The Swan Princess,(1994),U,93 min,6.4,70        
"4,742.",Enigma,(2001),R,119 min,6.4,64        
"4,743.",Fearless,(1993),U,122 min,7.1,
"4,744.",Cleanskin,(2012),108 min,108 min,6.2,
"4,745.",Clouds of Sils Maria,(2014),R,124 min,6.7,79        
"4,746.",Mars Needs Moms,(2011),PG,88 min,5.4,49        
"4,747.",Intruders,(I) (2011),R,100 min,5.4,45        
"4,748.",El Dorado,(1966),126 min,126 min,7.5,85        
"4,749.",Great Expectations,(1946),118 min,118 min,7.8,90        
"4,750.",Lonely Hearts,(2006),R,108 min,6.4,60        
"4,751.",Jaane Tu... Ya Jaane Na,(2008),U,155 min,7.4,
"4,752.",Cemetery Junction,(2010),18,95 min,6.8,
"4,753.",Il mio nome è Nessuno,(1973),116 min,116 min,7.3,68        
"4,754.",Novecento,(1976),A,317 min,7.7,70        
"4,755.",Bounce,(2000),PG-13,106 min,5.8,52        
"4,756.",Bad News Bears,(2005),PG-13,113 min,5.8,65        
"4,757.",Mies vailla menneisyyttä,(2002),PG-13,97 min,7.6,84        
"4,758.",Nashville,(1975),160 min,160 min,7.6,96        
"4,759.",Nothing But Trouble,(1991),94 min,94 min,5.1,13        
"4,760.",3 Men and a Little Lady,(1990),104 min,104 min,5.5,51        
"4,761.",Death and the Maiden,(1994),A,103 min,7.2,72        
"4,762.",No,(I) (2012),R,118 min,7.4,81        
"4,763.",The Trip,(I) (2010),112 min,112 min,7,
"4,764.",Survival of the Dead,(2009),A,90 min,4.8,43        
"4,765.",Tillsammans,(2000),R,106 min,7.4,84        
"4,766.",The Hunger,(1983),Not Rated,97 min,6.6,52        
"4,767.",New in Town,(2009),UA,97 min,5.7,29        
"4,768.",Breakfast on Pluto,(2005),R,128 min,7.2,59        
"4,769.",Medicine Man,(1992),106 min,106 min,6,43        
"4,770.",Delhi Belly,(2011),A,103 min,7.5,66        
"4,771.",Martian Child,(2007),PG,106 min,6.7,48        
"4,772.",Bride & Prejudice,(2004),U,122 min,6.2,55        
"4,773.",Breaking Away,(1979),U,101 min,7.7,91        
"4,774.",The Serpent and the Rainbow,(1988),98 min,98 min,6.4,64        
"4,775.",The Brady Bunch Movie,(1995),PG-13,90 min,6.2,54        
"4,776.",Saboteur,(1942),109 min,109 min,7.1,64        
"4,777.",Birdy,(1984),U,120 min,7.2,71        
"4,778.",Closed Circuit,(2013),R,96 min,6.2,50        
"4,779.",Vanity Fair,(2004),PG-13,141 min,6.2,53        
"4,780.",Leprechaun,(1992),R,92 min,4.8,17        
"4,781.",Surviving Christmas,(2004),U,91 min,5.5,19        
"4,782.",Serena,(I) (2014),R,109 min,5.4,36        
"4,783.",Every Which Way But Loose,(1978),A,114 min,6.3,41        
"4,784.",Memoirs of an Invisible Man,(1992),U,99 min,6,48        
"4,785.",O,(2001),R,95 min,6.1,53        
"4,786.",We're No Angels,(1989),U,106 min,6.1,48        
"4,787.",My Sassy Girl,(2008),PG-13,92 min,6.2,
"4,788.",Walkabout,(1971),U,100 min,7.6,85        
"4,789.",Killing Zoe,(1993),R,96 min,6.4,49        
"4,790.",Feardotcom,(2002),R,101 min,3.4,16        
"4,791.",The Shootist,(1976),100 min,100 min,7.6,77        
"4,792.",Disturbing Behavior,(1998),A,84 min,5.6,
"4,793.",Big Trouble,(2002),PG-13,85 min,6.4,47        
"4,794.",Titus,(1999),R,162 min,7.1,57        
"4,795.",Lesbian Vampire Killers,(2009),R,86 min,5.1,
"4,796.",The Secret Life of Pets,(2016),UA,86 min,6.5,61        
"4,797.",The Man Who Fell to Earth,(1976),Not Rated,139 min,6.6,81        
"4,798.",Dare mo shiranai,(2004),PG-13,141 min,8,88        
"4,799.",Catch-22,(1970),A,122 min,7.1,70        
"4,800.",Vampire in Brooklyn,(1995),R,100 min,4.6,27        
"4,801.",Dark Blue,(2002),R,118 min,6.6,57        
"4,802.",Jason and the Argonauts,(1963),U,104 min,7.3,69        
"4,803.",Teaching Mrs. Tingle,(1999),UA,96 min,5.3,35        
"4,804.",A Girl Walks Home Alone at Night,(2014),101 min,101 min,6.9,81        
"4,805.",Creature from the Black Lagoon,(1954),U,79 min,6.9,68        
"4,806.",Tamara Drewe,(2010),UA,107 min,6.2,64        
"4,807.",Mad Dog and Glory,(1993),R,97 min,6.2,71        
"4,808.",Casa de mi padre,(2012),R,85 min,5.5,52        
"4,809.",An American Tail: Fievel Goes West,(1991),75 min,75 min,6.5,
"4,810.",Starter for 10,(2006),PG-13,92 min,6.7,69        
"4,811.",Dhoom:2,(2006),UA,152 min,6.5,
"4,812.",How to Steal a Million,(1966),A,123 min,7.5,
"4,813.",Kick,(2014),UA,146 min,6,
"4,814.",Hoffa,(1992),R,140 min,6.6,50        
"4,815.",House,(1985),93 min,93 min,6.1,44        
"4,816.",Two Mules for Sister Sara,(1970),A,116 min,7,62        
"4,817.",Lost and Delirious,(2001),R,103 min,6.8,53        
"4,818.",Rollerball,(1975),U,125 min,6.5,56        
"4,819.",Grave Encounters 2,(2012),98 min,98 min,5.1,
"4,820.",Echelon Conspiracy,(2009),PG-13,105 min,5.7,26        
"4,821.",Fireproof,(2008),PG,122 min,6.4,28        
"4,822.",Teenage Mutant Ninja Turtles: Out of the Shadows,(2016),UA,112 min,5.9,40        
"4,823.",Baazigar,(1993),UA,175 min,7.6,
"4,824.",Behind the Mask: The Rise of Leslie Vernon,(2006),R,92 min,6.7,66        
"4,825.",Nowhere to Run,(1993),A,94 min,5.7,41        
"4,826.",Twisted,(I) (2004),R,97 min,5.3,26        
"4,827.",Random Hearts,(1999),A,133 min,5.3,38        
"4,828.",First Daughter,(2004),PG,106 min,5.1,31        
"4,829.",Angela's Ashes,(1999),U,145 min,7.3,54        
"4,830.",Tanu Weds Manu Returns,(2015),UA,128 min,7.6,
"4,831.",The Pyramid,(2014),R,89 min,4.6,24        
"4,832.",The Woman,(I) (2011),R,101 min,6,58        
"4,833.",The End of the Tour,(2015),R,106 min,7.2,82        
"4,834.",They Came Together,(2014),R,83 min,5.6,60        
"4,835.",Rosencrantz & Guildenstern Are Dead,(1990),117 min,117 min,7.3,
"4,836.",The Birth of a Nation,(1915),U,195 min,6.1,
"4,837.",Recep Ivedik,(2008),90 min,90 min,4.9,
"4,838.",About Last Night,(2014),R,100 min,6,62        
"4,839.",Housesitter,(1992),U,102 min,6.2,52        
"4,840.",Los amantes pasajeros,(2013),R,90 min,5.6,55        
"4,841.",If....,(1968),111 min,111 min,7.4,
"4,842.",Dark Star,(1974),83 min,83 min,6.2,66        
"4,843.",Down Periscope,(1996),U,92 min,6.2,39        
"4,844.",Bailout: The Age of Greed,(2013),R,99 min,6,24        
"4,845.",Psycho II,(1983),A,113 min,6.6,54        
"4,846.",Metoroporisu,(2001),U,108 min,7.2,75        
"4,847.",Butter,(I) (2011),R,91 min,6.2,40        
"4,848.",Out for Justice,(1991),A,91 min,6.1,38        
"4,849.",Ondine,(2009),PG-13,111 min,6.8,65        
"4,850.",Wrong Turn 4: Bloody Beginnings,(2011 Video),R,93 min,4.5,
"4,851.",Blind Date,(1987),UA,95 min,5.9,49        
"4,852.",Captain Ron,(1992),PG-13,100 min,5.8,39        
"4,853.",It's All Gone Pete Tong,(2004),R,90 min,7.2,56        
"4,854.",The Alamo,(2004),U,137 min,6,47        
"4,855.",Problem Child 2,(1991),90 min,90 min,4.9,
"4,856.",Mad Money,(2008),U,104 min,5.9,41        
"4,857.",In a Lonely Place,(1950),94 min,94 min,7.9,
"4,858.",Honeymoon,(2014),R,87 min,5.7,65        
"4,859.",The Magnificent Ambersons,(1942),88 min,88 min,7.6,93        
"4,860.",Pink Flamingos,(1972),Not Rated,93 min,6,47        
"4,861.",After the Dark,(2013),R,107 min,5.6,37        
"4,862.",Ballistic: Ecks vs. Sever,(2002),R,91 min,3.7,19        
"4,863.",Barefoot,(I) (2014),PG-13,90 min,6.5,22        
"4,864.",Bodyguard,(I) (2011),UA,130 min,4.7,41        
"4,865.",The House of the Spirits,(1993),A,145 min,6.9,
"4,866.",The Postman Always Rings Twice,(1981),122 min,122 min,6.6,61        
"4,867.",Gaslight,(1944),114 min,114 min,7.8,78        
"4,868.",Dead Men Don't Wear Plaid,(1982),U,88 min,6.8,67        
"4,869.",Curly Sue,(1991),101 min,101 min,5.9,
"4,870.",Darkness,(2002),PG-13,88 min,5.4,15        
"4,871.",The Do-Over,(2016),18,108 min,5.7,22        
"4,872.",City Hall,(1996),U,111 min,6.2,62        
"4,873.",Alphaville: Une étrange aventure de Lemmy Caution,(1965),99 min,99 min,7,92        
"4,874.",Manon des sources,(1986),113 min,113 min,8,
"4,875.",Les yeux sans visage,(1960),Not Rated,90 min,7.6,90        
"4,876.",American Mary,(2012),R,103 min,6.2,46        
"4,877.",The Big Heat,(1953),89 min,89 min,7.9,
"4,878.",Cool World,(1992),UA,102 min,4.8,27        
"4,879.",Bunraku,(2010),R,124 min,6.1,28        
"4,880.",Cat's Eye,(1985),94 min,94 min,6.3,70        
"4,881.",Pete's Dragon,(1977),128 min,128 min,6.3,46        
"4,882.",When a Man Loves a Woman,(1994),UA,126 min,6.5,
"4,883.",The Express,(2008),PG,130 min,7.2,58        
"4,884.",Im Juli,(2000),99 min,99 min,7.6,71        
"4,885.",Passion,(2012),R,102 min,5.3,54        
"4,886.",The Fly II,(1989),A,105 min,5.1,36        
"4,887.",Tales from the Crypt: Demon Knight,(1995),R,92 min,6.7,48        
"4,888.",Les poupées russes,(2005),125 min,125 min,7,67        
"4,889.",My Dog Skip,(2000),U,95 min,7,61        
"4,890.",Down in the Valley,(2005),R,108 min,6.4,65        
"4,891.",The Adventures of Rocky & Bullwinkle,(2000),PG,92 min,4.3,36        
"4,892.",The Thomas Crown Affair,(1968),U,102 min,6.9,66        
"4,893.",Clockers,(1995),U,128 min,6.9,71        
"4,894.",Jessabelle,(2014),PG-13,90 min,5.4,37        
"4,895.",Juice,(1992),R,95 min,7,60        
"4,896.",House of Games,(1987),U,102 min,7.2,78        
"4,897.",Umberto D.,(1952),89 min,89 min,8.2,92        
"4,898.",The Women,(I) (2008),UA,114 min,5,27        
"4,899.",Aliens in the Attic,(2009),U,86 min,5.4,42        
"4,900.",The Promotion,(2008),R,86 min,5.6,51        
"4,901.",Mad City,(1997),UA,114 min,6.3,45        
"4,902.",Samâ uôzu,(2009),U,114 min,7.4,63        
"4,903.",Suspect Zero,(2004),R,99 min,5.8,37        
"4,904.",Highway,(I) (2014),UA,133 min,7.6,40        
"4,905.",Playing by Heart,(1998),Not Rated,121 min,6.9,55        
"4,906.",Needful Things,(1993),UA,121 min,6.2,43        
"4,907.",Money Monster,(2016),A,98 min,6.5,55        
"4,908.",The Namesake,(2006),U,122 min,7.5,82        
"4,909.",Obvious Child,(2014),R,84 min,6.7,76        
"4,910.",9 rota,(2005),R,139 min,7.1,
"4,911.",Silver Bullet,(1985),A,95 min,6.4,26        
"4,912.",Lantana,(2001),R,121 min,7.2,84        
"4,913.",Bang Bang,(I) (2014),UA,153 min,5.6,
"4,914.",A Sound of Thunder,(2005),PG-13,110 min,4.2,24        
"4,915.",Return to Me,(2000),UA,115 min,6.9,54        
"4,916.",The Sweeney,(2012),R,112 min,6.1,48        
"4,917.",She's Funny That Way,(2014),R,93 min,6.1,45        
"4,918.",Easy Virtue,(2008),PG-13,97 min,6.6,58        
"4,919.",Stardust Memories,(1980),89 min,89 min,7.2,
"4,920.",I Don't Know How She Does It,(2011),PG-13,89 min,5,38        
"4,921.",Mansfield Park,(1999),Not Rated,112 min,7,71        
"4,922.",My Soul to Take,(2010),A,107 min,4.7,25        
"4,923.",La meglio gioventù,(2003),R,374 min,8.5,89        
"4,924.",Six Degrees of Separation,(1993),UA,112 min,6.8,72        
"4,925.",Batoru rowaiaru II: Chinkonka,(2003),Not Rated,155 min,4.6,
"4,926.",Lorenzo's Oil,(1992),U,129 min,7.3,80        
"4,927.",Afflicted,(2013),R,85 min,6.2,56        
"4,928.",Three to Tango,(1999),A,98 min,6.1,36        
"4,929.",Z for Zachariah,(2015),PG-13,98 min,6,68        
"4,930.",Bande à part,(1964),95 min,95 min,7.6,93        
"4,931.",Yogi Bear,(2010),PG,81 min,4.6,35        
"4,932.",My Darling Clementine,(1946),97 min,97 min,7.7,
"4,933.",Rupan sansei: Kariosutoro no shiro,(1979),U,100 min,7.6,72        
"4,934.",Desperately Seeking Susan,(1985),A,104 min,6.1,71        
"4,935.",Phantoms,(1998),UA,96 min,5.4,26        
"4,936.",Earth Girls Are Easy,(1988),100 min,100 min,5.4,66        
"4,937.",My Summer of Love,(2004),R,86 min,6.7,82        
"4,938.",Roma città aperta,(1945),103 min,103 min,8,
"4,939.",The Blob,(1958),A,86 min,6.3,58        
"4,940.",3 Ninjas,(1992),PG,84 min,5.3,36        
"4,941.",Highlander: Endgame,(2000),R,87 min,4.6,21        
"4,942.",Habitación en Roma,(2010),107 min,107 min,6.1,
"4,943.",Fame,(1980),U,134 min,6.6,58        
"4,944.",The Bad News Bears,(1976),U,102 min,7.3,84        
"4,945.",The Chumscrubber,(2005),R,108 min,6.8,41        
"4,946.",Swimfan,(2002),A,85 min,5.1,29        
"4,947.",The Wolf Man,(1941),70 min,70 min,7.2,72        
"4,948.",Sleepaway Camp,(1983),A,84 min,6.2,58        
"4,949.",State of Grace,(1990),134 min,134 min,7.2,60        
"4,950.",The Diary of a Teenage Girl,(2015),All,102 min,6.8,87        
"4,951.",The Way We Were,(1973),U,118 min,7,61        
"4,952.",Exorcist II: The Heretic,(1977),A,117 min,3.8,39        
"4,953.",Mustang,(2015),PG-13,97 min,7.6,83        
"4,954.",La guerre du feu,(1981),100 min,100 min,7.3,79        
"4,955.",Holy Man,(1998),UA,114 min,4.9,42        
"4,956.",The Apparition,(2012),PG-13,83 min,4.1,18        
"4,957.",Eagle vs Shark,(2007),R,93 min,6.7,55        
"4,958.",Il gattopardo,(1963),186 min,186 min,7.9,100        
"4,959.",Hotel for Dogs,(2009),PG,100 min,5.5,51        
"4,960.",Reds,(1981),UA,195 min,7.3,76        
"4,961.",Veronica Guerin,(2003),R,98 min,6.8,55        
"4,962.",You Kill Me,(2007),R,93 min,6.4,64        
"4,963.",Burke & Hare,(2010),R,91 min,6.1,46        
"4,964.",The Yards,(2000),R,115 min,6.4,58        
"4,965.",The Borrowers,(1997),U,89 min,5.9,
"4,966.",Kopps,(2003),90 min,90 min,6.7,
"4,967.",The Last Detail,(1973),104 min,104 min,7.5,86        
"4,968.",The Angriest Man in Brooklyn,(2014),R,83 min,5.7,21        
"4,969.",Toy Soldiers,(1991),A,111 min,6.6,46        
"4,970.",Rise of the Footsoldier,(2007),R,119 min,6.8,
"4,971.",Highlander III: The Sorcerer,(1994),PG-13,99 min,4.4,28        
"4,972.",You're Not You,(2014),R,102 min,7.3,56        
"4,973.",Universal Soldier: Day of Reckoning,(2012),A,114 min,5.1,58        
"4,974.",Viridiana,(1961),91 min,91 min,8.1,
"4,975.",Turbo Kid,(2015),93 min,93 min,6.7,60        
"4,976.",Dellamorte dellamore,(1994),R,105 min,7.1,
"4,977.",Yahsi Bati,(2009),112 min,112 min,7.4,
"4,978.",Nightwatch,(1997),R,101 min,6.2,40        
"4,979.",Do lok tin si,(1995),UA,99 min,7.6,71        
"4,980.",The Punisher,(1989),89 min,89 min,5.6,63        
"4,981.",Mutiny on the Bounty,(1935),U,132 min,7.6,87        
"4,982.",Ben X,(2007),93 min,93 min,7.3,
"4,983.",Phenomena,(1985),A,116 min,6.7,57        
"4,984.",À la folie... pas du tout,(2002),PG-13,92 min,7.1,63        
"4,985.",The Final Countdown,(1980),103 min,103 min,6.6,51        
"4,986.",Knights of Badassdom,(2013),R,86 min,5.6,56        
"4,987.",I Kina spiser de hunde,(1999),91 min,91 min,7.3,
"4,988.",Battle of Britain,(1969),U,132 min,6.9,
"4,989.",Havoc,(2005),R,85 min,5.5,
"4,990.",Fire in the Sky,(1993),PG-13,109 min,6.5,42        
"4,991.",Shrink,(2009),R,104 min,6.6,40        
"4,992.",Mr. Mom,(1983),91 min,91 min,6.6,50        
"4,993.",Dick,(1999),PG-13,94 min,6.2,65        
"4,994.",American Gigolo,(1980),A,117 min,6.3,57        
"4,995.",Heist,(III) (2015),R,93 min,6.1,37        
"4,996.",Seven Brides for Seven Brothers,(1954),102 min,102 min,7.3,75        
"4,997.",Playing It Cool,(2014),R,94 min,5.9,30        
"4,998.",Nae meorisokui jiwoogae,(2004),117 min,117 min,8.1,
"4,999.",Hairspray,(1988),U,92 min,7,77        
"5,000.",McCabe & Mrs. Miller,(1971),A,120 min,7.6,93        
